#
# There is insufficient memory for the Java Runtime Environment to continue.
# Native memory allocation (malloc) failed to allocate 1056368 bytes. Error detail: Chunk::new
# Possible reasons:
#   The system is out of physical RAM or swap space
#   This process is running with CompressedOops enabled, and the Java Heap may be blocking the growth of the native heap
# Possible solutions:
#   Reduce memory load on the system
#   Increase physical memory or swap space
#   Check if swap backing store is full
#   Decrease Java heap size (-Xmx/-Xms)
#   Decrease number of Java threads
#   Decrease Java thread stack sizes (-Xss)
#   Set larger code cache with -XX:ReservedCodeCacheSize=
#   JVM is running with Unscaled Compressed Oops mode in which the Java heap is
#     placed in the first 4GB address space. The Java Heap base address is the
#     maximum limit for the native heap growth. Please use -XX:HeapBaseMinAddress
#     to set the Java Heap base and to place the Java Heap above 4GB virtual address.
# This output file may be truncated or incomplete.
#
#  Out of Memory Error (arena.cpp:168), pid=26816, tid=21848
#
# JRE version: OpenJDK Runtime Environment (21.0.10) (build 21.0.10+-14961533-b1163.108)
# Java VM: OpenJDK 64-Bit Server VM (21.0.10+-14961533-b1163.108, mixed mode, tiered, compressed oops, compressed class ptrs, g1 gc, windows-amd64)
# No core dump will be written. Minidumps are not enabled by default on client versions of Windows
#

---------------  S U M M A R Y ------------

Command Line: --add-opens=java.base/java.lang=ALL-UNNAMED --add-opens=java.base/java.lang.invoke=ALL-UNNAMED --add-opens=java.base/java.util=ALL-UNNAMED --add-opens=java.prefs/java.util.prefs=ALL-UNNAMED --add-exports=jdk.compiler/com.sun.tools.javac.api=ALL-UNNAMED --add-exports=jdk.compiler/com.sun.tools.javac.util=ALL-UNNAMED --add-opens=java.base/java.util=ALL-UNNAMED --add-opens=java.prefs/java.util.prefs=ALL-UNNAMED --add-opens=java.base/java.nio.charset=ALL-UNNAMED --add-opens=java.base/java.net=ALL-UNNAMED --add-opens=java.base/java.util.concurrent=ALL-UNNAMED --add-opens=java.base/java.util.concurrent.atomic=ALL-UNNAMED --add-opens=java.xml/javax.xml.namespace=ALL-UNNAMED --add-opens=java.base/java.time=ALL-UNNAMED -Xmx2048m -Dfile.encoding=UTF-8 -Duser.country=US -Duser.language=en -Duser.variant -javaagent:C:\Users\daniel.litvak\.gradle\wrapper\dists\gradle-9.3.1-bin\23ovyewtku6u96viwx3xl3oks\gradle-9.3.1\lib\agents\gradle-instrumentation-agent-9.3.1.jar org.gradle.launcher.daemon.bootstrap.GradleDaemon 9.3.1

Host: Intel(R) Core(TM) i5-10210U CPU @ 1.60GHz, 8 cores, 15G,  Windows 11 , 64 bit Build 26100 (10.0.26100.8521)
Time: Tue Jul 14 14:50:25 2026 Jerusalem Daylight Time elapsed time: 63.439892 seconds (0d 0h 1m 3s)

---------------  T H R E A D  ---------------

Current thread (0x00000166270400f0):  JavaThread "C2 CompilerThread0" daemon [_thread_in_native, id=21848, stack(0x0000001610000000,0x0000001610100000) (1024K)]


Current CompileTask:
C2:63441 11963       4       org.gradle.internal.reflect.ClassInspector::inspectClass (179 bytes)

Stack: [0x0000001610000000,0x0000001610100000]
Native frames: (J=compiled Java code, j=interpreted, Vv=VM code, C=native code)
V  [jvm.dll+0x6d78a9]
V  [jvm.dll+0x8665b3]
V  [jvm.dll+0x868bde]
V  [jvm.dll+0x8692c3]
V  [jvm.dll+0x280ee6]
V  [jvm.dll+0xc07cd]
V  [jvm.dll+0xc0d03]
V  [jvm.dll+0x3ba0cb]
V  [jvm.dll+0x1e0052]
V  [jvm.dll+0x249d24]
V  [jvm.dll+0x2491a1]
V  [jvm.dll+0x1c76e4]
V  [jvm.dll+0x25891e]
V  [jvm.dll+0x256e66]
V  [jvm.dll+0x3f513e]
V  [jvm.dll+0x80fd28]
V  [jvm.dll+0x6d60fd]
C  [ucrtbase.dll+0x2cd30]
C  [KERNEL32.DLL+0x2e957]
C  [ntdll.dll+0x87c1c]


---------------  P R O C E S S  ---------------

Threads class SMR info:
_java_thread_list=0x000001662e739e80, length=83, elements={
0x000001660f82a6e0, 0x000001662701b400, 0x0000016627036390, 0x0000016627036df0,
0x0000016627054bb0, 0x0000016627055610, 0x000001662703b120, 0x000001662703e340,
0x00000166270400f0, 0x0000016627040b90, 0x0000016627490810, 0x000001662760eb10,
0x000001662da5bb20, 0x000001662dc0eda0, 0x000001662765e360, 0x000001662c9bb6d0,
0x000001662727bf20, 0x000001662724f390, 0x000001662724ed00, 0x000001662724fa20,
0x000001662724cc30, 0x000001662724e670, 0x000001662724c5a0, 0x000001662724d2c0,
0x000001662eeccf00, 0x000001662eecd590, 0x000001662eecc1e0, 0x000001662eecae30,
0x000001662eecbb50, 0x000001662eecdc20, 0x000001662eecb4c0, 0x000001662cecce10,
0x000001662cecba60, 0x000001662cecc0f0, 0x000001662cecd4a0, 0x000001662cecc780,
0x000001662cece1c0, 0x000001662ceceee0, 0x000001662ced0fb0, 0x000001662cecf570,
0x000001662ced2360, 0x000001662ced29f0, 0x000001662d25ecd0, 0x000001662d25e640,
0x000001662d25c570, 0x000001662d260080, 0x000001662d25cc00, 0x000001662d25d920,
0x000001662d260710, 0x000001662d25d290, 0x000001662d260da0, 0x000001662d25dfb0,
0x000001662d261ac0, 0x000001662d262e70, 0x000001662d2627e0, 0x000001662d263500,
0x000001662d263b90, 0x000001662d262150, 0x000001662cd54860, 0x000001662cd541d0,
0x000001662cd534b0, 0x000001662cd52e20, 0x000001662cd52790, 0x000001662cd56930,
0x000001662cd562a0, 0x000001662cd57650, 0x000001662cd57ce0, 0x000001662cd56fc0,
0x000001662cd58370, 0x000001662cd54ef0, 0x000001662cd58a00, 0x000001662cd55580,
0x000001662cecb3d0, 0x000001662edb0ea0, 0x000001662edb1530, 0x000001662edb1bc0,
0x000001662edb3600, 0x000001662edb0180, 0x000001662edb2f70, 0x000001662edb3c90,
0x000001662edb0810, 0x000001662edb63f0, 0x000001663036d910
}

Java Threads: ( => current thread )
  0x000001660f82a6e0 JavaThread "main"                              [_thread_blocked, id=3240, stack(0x000000160f100000,0x000000160f200000) (1024K)]
  0x000001662701b400 JavaThread "Common-Cleaner"             daemon [_thread_blocked, id=13848, stack(0x000000160f900000,0x000000160fa00000) (1024K)]
  0x0000016627036390 JavaThread "Reference Handler"          daemon [_thread_blocked, id=8928, stack(0x000000160fa00000,0x000000160fb00000) (1024K)]
  0x0000016627036df0 JavaThread "Finalizer"                  daemon [_thread_blocked, id=7152, stack(0x000000160fb00000,0x000000160fc00000) (1024K)]
  0x0000016627054bb0 JavaThread "Signal Dispatcher"          daemon [_thread_blocked, id=25980, stack(0x000000160fc00000,0x000000160fd00000) (1024K)]
  0x0000016627055610 JavaThread "Attach Listener"            daemon [_thread_blocked, id=12644, stack(0x000000160fd00000,0x000000160fe00000) (1024K)]
  0x000001662703b120 JavaThread "Service Thread"             daemon [_thread_blocked, id=26988, stack(0x000000160fe00000,0x000000160ff00000) (1024K)]
  0x000001662703e340 JavaThread "Monitor Deflation Thread"   daemon [_thread_blocked, id=22776, stack(0x000000160ff00000,0x0000001610000000) (1024K)]
=>0x00000166270400f0 JavaThread "C2 CompilerThread0"         daemon [_thread_in_native, id=21848, stack(0x0000001610000000,0x0000001610100000) (1024K)]
  0x0000016627040b90 JavaThread "C1 CompilerThread0"         daemon [_thread_blocked, id=21652, stack(0x0000001610100000,0x0000001610200000) (1024K)]
  0x0000016627490810 JavaThread "Notification Thread"        daemon [_thread_blocked, id=5956, stack(0x0000001610200000,0x0000001610300000) (1024K)]
  0x000001662760eb10 JavaThread "Daemon health stats"               [_thread_blocked, id=22052, stack(0x0000001610800000,0x0000001610900000) (1024K)]
  0x000001662da5bb20 JavaThread "Incoming local TCP Connector on port 43127"        [_thread_in_native, id=10748, stack(0x0000001610900000,0x0000001610a00000) (1024K)]
  0x000001662dc0eda0 JavaThread "Daemon periodic checks"            [_thread_blocked, id=6176, stack(0x0000001610a00000,0x0000001610b00000) (1024K)]
  0x000001662765e360 JavaThread "Daemon"                            [_thread_blocked, id=20220, stack(0x0000001610d00000,0x0000001610e00000) (1024K)]
  0x000001662c9bb6d0 JavaThread "Handler for socket connection from /127.0.0.1:43127 to /127.0.0.1:43128"        [_thread_in_native, id=25140, stack(0x0000001610e00000,0x0000001610f00000) (1024K)]
  0x000001662727bf20 JavaThread "Cancel handler"                    [_thread_blocked, id=5740, stack(0x0000001611000000,0x0000001611100000) (1024K)]
  0x000001662724f390 JavaThread "Daemon worker"                     [_thread_in_vm, id=20900, stack(0x0000001611100000,0x0000001611200000) (1024K)]
  0x000001662724ed00 JavaThread "Asynchronous log dispatcher for DefaultDaemonConnection: socket connection from /127.0.0.1:43127 to /127.0.0.1:43128"        [_thread_blocked, id=15472, stack(0x0000001611200000,0x0000001611300000) (1024K)]
  0x000001662724fa20 JavaThread "Stdin handler"                     [_thread_blocked, id=3816, stack(0x0000001611300000,0x0000001611400000) (1024K)]
  0x000001662724cc30 JavaThread "Daemon client event forwarder"        [_thread_blocked, id=7968, stack(0x0000001611400000,0x0000001611500000) (1024K)]
  0x000001662724e670 JavaThread "Cache worker for journal cache (C:\Users\daniel.litvak\.gradle\caches\journal-1)"        [_thread_blocked, id=25652, stack(0x0000001611500000,0x0000001611600000) (1024K)]
  0x000001662724c5a0 JavaThread "File lock request listener"        [_thread_in_native, id=28588, stack(0x0000001611600000,0x0000001611700000) (1024K)]
  0x000001662724d2c0 JavaThread "Cache worker for file hash cache (C:\Users\daniel.litvak\.gradle\caches\9.3.1\fileHashes)"        [_thread_blocked, id=25436, stack(0x0000001611700000,0x0000001611800000) (1024K)]
  0x000001662eeccf00 JavaThread "Cache worker for file hash cache (C:\andr\DanielLitvakProject\.gradle\9.3.1\fileHashes)"        [_thread_blocked, id=4980, stack(0x0000001611800000,0x0000001611900000) (1024K)]
  0x000001662eecd590 JavaThread "Cache worker for Build Output Cleanup Cache (C:\andr\DanielLitvakProject\.gradle\buildOutputCleanup)"        [_thread_blocked, id=27912, stack(0x0000001611900000,0x0000001611a00000) (1024K)]
  0x000001662eecc1e0 JavaThread "File watcher server"        daemon [_thread_in_native, id=1320, stack(0x0000001611a00000,0x0000001611b00000) (1024K)]
  0x000001662eecae30 JavaThread "File watcher consumer"      daemon [_thread_blocked, id=26016, stack(0x0000001611b00000,0x0000001611c00000) (1024K)]
  0x000001662eecbb50 JavaThread "jar transforms"                    [_thread_blocked, id=7936, stack(0x0000001611c00000,0x0000001611d00000) (1024K)]
  0x000001662eecdc20 JavaThread "jar transforms Thread 2"           [_thread_blocked, id=13032, stack(0x0000001611d00000,0x0000001611e00000) (1024K)]
  0x000001662eecb4c0 JavaThread "jar transforms Thread 3"           [_thread_blocked, id=15324, stack(0x0000001611e00000,0x0000001611f00000) (1024K)]
  0x000001662cecce10 JavaThread "jar transforms Thread 4"           [_thread_blocked, id=19452, stack(0x0000001611f00000,0x0000001612000000) (1024K)]
  0x000001662cecba60 JavaThread "jar transforms Thread 5"           [_thread_blocked, id=16572, stack(0x0000001612000000,0x0000001612100000) (1024K)]
  0x000001662cecc0f0 JavaThread "jar transforms Thread 6"           [_thread_blocked, id=12148, stack(0x0000001612100000,0x0000001612200000) (1024K)]
  0x000001662cecd4a0 JavaThread "jar transforms Thread 7"           [_thread_blocked, id=6820, stack(0x0000001612200000,0x0000001612300000) (1024K)]
  0x000001662cecc780 JavaThread "jar transforms Thread 8"           [_thread_blocked, id=26384, stack(0x0000001612300000,0x0000001612400000) (1024K)]
  0x000001662cece1c0 JavaThread "Cache worker for checksums cache (C:\andr\DanielLitvakProject\.gradle\9.3.1\checksums)"        [_thread_blocked, id=20444, stack(0x0000001612400000,0x0000001612500000) (1024K)]
  0x000001662ceceee0 JavaThread "Cache worker for file content cache (C:\Users\daniel.litvak\.gradle\caches\9.3.1\fileContent)"        [_thread_blocked, id=23640, stack(0x0000001612500000,0x0000001612600000) (1024K)]
  0x000001662ced0fb0 JavaThread "Cache worker for cache directory md-supplier (C:\Users\daniel.litvak\.gradle\caches\9.3.1\md-supplier)"        [_thread_blocked, id=3848, stack(0x0000001612600000,0x0000001612700000) (1024K)]
  0x000001662cecf570 JavaThread "Cache worker for cache directory md-rule (C:\Users\daniel.litvak\.gradle\caches\9.3.1\md-rule)"        [_thread_blocked, id=25296, stack(0x0000001612700000,0x0000001612800000) (1024K)]
  0x000001662ced2360 JavaThread "Unconstrained build operations"        [_thread_blocked, id=24092, stack(0x0000001612800000,0x0000001612900000) (1024K)]
  0x000001662ced29f0 JavaThread "Unconstrained build operations Thread 2"        [_thread_blocked, id=13552, stack(0x0000001612900000,0x0000001612a00000) (1024K)]
  0x000001662d25ecd0 JavaThread "Unconstrained build operations Thread 3"        [_thread_blocked, id=27168, stack(0x0000001612a00000,0x0000001612b00000) (1024K)]
  0x000001662d25e640 JavaThread "Unconstrained build operations Thread 4"        [_thread_blocked, id=9712, stack(0x0000001612b00000,0x0000001612c00000) (1024K)]
  0x000001662d25c570 JavaThread "Unconstrained build operations Thread 5"        [_thread_blocked, id=22136, stack(0x0000001612c00000,0x0000001612d00000) (1024K)]
  0x000001662d260080 JavaThread "Unconstrained build operations Thread 6"        [_thread_blocked, id=26260, stack(0x0000001612d00000,0x0000001612e00000) (1024K)]
  0x000001662d25cc00 JavaThread "Unconstrained build operations Thread 7"        [_thread_blocked, id=18012, stack(0x0000001612e00000,0x0000001612f00000) (1024K)]
  0x000001662d25d920 JavaThread "Unconstrained build operations Thread 8"        [_thread_blocked, id=19664, stack(0x0000001612f00000,0x0000001613000000) (1024K)]
  0x000001662d260710 JavaThread "Unconstrained build operations Thread 9"        [_thread_blocked, id=11692, stack(0x0000001613000000,0x0000001613100000) (1024K)]
  0x000001662d25d290 JavaThread "Unconstrained build operations Thread 10"        [_thread_blocked, id=24416, stack(0x0000001613100000,0x0000001613200000) (1024K)]
  0x000001662d260da0 JavaThread "Unconstrained build operations Thread 11"        [_thread_blocked, id=27016, stack(0x0000001613200000,0x0000001613300000) (1024K)]
  0x000001662d25dfb0 JavaThread "Unconstrained build operations Thread 12"        [_thread_blocked, id=19952, stack(0x0000001613300000,0x0000001613400000) (1024K)]
  0x000001662d261ac0 JavaThread "Unconstrained build operations Thread 13"        [_thread_blocked, id=25176, stack(0x0000001613400000,0x0000001613500000) (1024K)]
  0x000001662d262e70 JavaThread "Unconstrained build operations Thread 14"        [_thread_blocked, id=3704, stack(0x0000001613500000,0x0000001613600000) (1024K)]
  0x000001662d2627e0 JavaThread "Unconstrained build operations Thread 15"        [_thread_blocked, id=18692, stack(0x0000001613600000,0x0000001613700000) (1024K)]
  0x000001662d263500 JavaThread "Unconstrained build operations Thread 16"        [_thread_blocked, id=10924, stack(0x0000001613700000,0x0000001613800000) (1024K)]
  0x000001662d263b90 JavaThread "Unconstrained build operations Thread 17"        [_thread_blocked, id=23668, stack(0x0000001613800000,0x0000001613900000) (1024K)]
  0x000001662d262150 JavaThread "Unconstrained build operations Thread 18"        [_thread_blocked, id=17372, stack(0x0000001613900000,0x0000001613a00000) (1024K)]
  0x000001662cd54860 JavaThread "Unconstrained build operations Thread 19"        [_thread_blocked, id=22628, stack(0x0000001613a00000,0x0000001613b00000) (1024K)]
  0x000001662cd541d0 JavaThread "Unconstrained build operations Thread 20"        [_thread_blocked, id=25324, stack(0x0000001613b00000,0x0000001613c00000) (1024K)]
  0x000001662cd534b0 JavaThread "Unconstrained build operations Thread 21"        [_thread_blocked, id=21024, stack(0x0000001613c00000,0x0000001613d00000) (1024K)]
  0x000001662cd52e20 JavaThread "Unconstrained build operations Thread 22"        [_thread_blocked, id=27620, stack(0x0000001613d00000,0x0000001613e00000) (1024K)]
  0x000001662cd52790 JavaThread "Unconstrained build operations Thread 23"        [_thread_blocked, id=28532, stack(0x0000001613e00000,0x0000001613f00000) (1024K)]
  0x000001662cd56930 JavaThread "Unconstrained build operations Thread 24"        [_thread_blocked, id=25292, stack(0x0000001613f00000,0x0000001614000000) (1024K)]
  0x000001662cd562a0 JavaThread "Unconstrained build operations Thread 25"        [_thread_blocked, id=9152, stack(0x0000001614000000,0x0000001614100000) (1024K)]
  0x000001662cd57650 JavaThread "Unconstrained build operations Thread 26"        [_thread_blocked, id=17508, stack(0x0000001614100000,0x0000001614200000) (1024K)]
  0x000001662cd57ce0 JavaThread "Unconstrained build operations Thread 27"        [_thread_blocked, id=24312, stack(0x0000001614200000,0x0000001614300000) (1024K)]
  0x000001662cd56fc0 JavaThread "Unconstrained build operations Thread 28"        [_thread_blocked, id=26888, stack(0x0000001614300000,0x0000001614400000) (1024K)]
  0x000001662cd58370 JavaThread "Unconstrained build operations Thread 29"        [_thread_blocked, id=27548, stack(0x0000001614400000,0x0000001614500000) (1024K)]
  0x000001662cd54ef0 JavaThread "Unconstrained build operations Thread 30"        [_thread_blocked, id=26932, stack(0x0000001614500000,0x0000001614600000) (1024K)]
  0x000001662cd58a00 JavaThread "Unconstrained build operations Thread 31"        [_thread_blocked, id=21704, stack(0x0000001614600000,0x0000001614700000) (1024K)]
  0x000001662cd55580 JavaThread "Unconstrained build operations Thread 32"        [_thread_blocked, id=25524, stack(0x0000001614700000,0x0000001614800000) (1024K)]
  0x000001662cecb3d0 JavaThread "Unconstrained build operations Thread 33"        [_thread_blocked, id=5576, stack(0x0000001614800000,0x0000001614900000) (1024K)]
  0x000001662edb0ea0 JavaThread "Unconstrained build operations Thread 34"        [_thread_blocked, id=22824, stack(0x0000001614900000,0x0000001614a00000) (1024K)]
  0x000001662edb1530 JavaThread "Unconstrained build operations Thread 35"        [_thread_blocked, id=26912, stack(0x0000001614a00000,0x0000001614b00000) (1024K)]
  0x000001662edb1bc0 JavaThread "Unconstrained build operations Thread 36"        [_thread_blocked, id=8424, stack(0x0000001614b00000,0x0000001614c00000) (1024K)]
  0x000001662edb3600 JavaThread "Unconstrained build operations Thread 37"        [_thread_blocked, id=26716, stack(0x0000001614c00000,0x0000001614d00000) (1024K)]
  0x000001662edb0180 JavaThread "Unconstrained build operations Thread 38"        [_thread_blocked, id=26352, stack(0x0000001614d00000,0x0000001614e00000) (1024K)]
  0x000001662edb2f70 JavaThread "Unconstrained build operations Thread 39"        [_thread_blocked, id=27192, stack(0x0000001614e00000,0x0000001614f00000) (1024K)]
  0x000001662edb3c90 JavaThread "Unconstrained build operations Thread 40"        [_thread_blocked, id=2856, stack(0x0000001614f00000,0x0000001615000000) (1024K)]
  0x000001662edb0810 JavaThread "Unconstrained build operations Thread 41"        [_thread_blocked, id=24972, stack(0x0000001615000000,0x0000001615100000) (1024K)]
  0x000001662edb63f0 JavaThread "Unconstrained build operations Thread 42"        [_thread_blocked, id=27520, stack(0x0000001615100000,0x0000001615200000) (1024K)]
  0x000001663036d910 JavaThread "Memory manager"                    [_thread_blocked, id=8920, stack(0x0000001615200000,0x0000001615300000) (1024K)]
Total: 83

Other Threads:
  0x0000016626f04f50 VMThread "VM Thread"                           [id=21308, stack(0x000000160f800000,0x000000160f900000) (1024K)]
  0x0000016626ec4800 WatcherThread "VM Periodic Task Thread"        [id=22028, stack(0x000000160f700000,0x000000160f800000) (1024K)]
  0x000001660f8838e0 WorkerThread "GC Thread#0"                     [id=28632, stack(0x000000160f200000,0x000000160f300000) (1024K)]
  0x0000016627906c80 WorkerThread "GC Thread#1"                     [id=12700, stack(0x0000001610300000,0x0000001610400000) (1024K)]
  0x0000016627907440 WorkerThread "GC Thread#2"                     [id=3296, stack(0x0000001610400000,0x0000001610500000) (1024K)]
  0x00000166279077f0 WorkerThread "GC Thread#3"                     [id=27828, stack(0x0000001610500000,0x0000001610600000) (1024K)]
  0x0000016627620100 WorkerThread "GC Thread#4"                     [id=5100, stack(0x0000001610600000,0x0000001610700000) (1024K)]
  0x00000166276204b0 WorkerThread "GC Thread#5"                     [id=19808, stack(0x0000001610700000,0x0000001610800000) (1024K)]
  0x000001662cdc0670 WorkerThread "GC Thread#6"                     [id=19880, stack(0x0000001610b00000,0x0000001610c00000) (1024K)]
  0x000001662cd84230 WorkerThread "GC Thread#7"                     [id=12252, stack(0x0000001610c00000,0x0000001610d00000) (1024K)]
  0x000001660f895dc0 ConcurrentGCThread "G1 Main Marker"            [id=28188, stack(0x000000160f300000,0x000000160f400000) (1024K)]
  0x000001660f8967e0 WorkerThread "G1 Conc#0"                       [id=13516, stack(0x000000160f400000,0x000000160f500000) (1024K)]
  0x0000016627827cf0 WorkerThread "G1 Conc#1"                       [id=27208, stack(0x0000001610f00000,0x0000001611000000) (1024K)]
  0x000001660f8de9f0 ConcurrentGCThread "G1 Refine#0"               [id=25392, stack(0x000000160f500000,0x000000160f600000) (1024K)]
  0x0000016626e0c850 ConcurrentGCThread "G1 Service"                [id=21524, stack(0x000000160f600000,0x000000160f700000) (1024K)]
Total: 15

Threads with active compile tasks:
C2 CompilerThread0  63572 11963       4       org.gradle.internal.reflect.ClassInspector::inspectClass (179 bytes)
Total: 1

VM state: not at safepoint (normal execution)

VM Mutex/Monitor currently owned by a thread: None

Heap address: 0x0000000080000000, size: 2048 MB, Compressed Oops mode: 32-bit

CDS archive(s) not mapped
Compressed class space mapped at: 0x0000000100000000-0x0000000140000000, reserved size: 1073741824
Narrow klass base: 0x0000000000000000, Narrow klass shift: 3, Narrow klass range: 0x140000000

GC Precious Log:
 CardTable entry size: 512
 Card Set container configuration: InlinePtr #cards 5 size 8 Array Of Cards #cards 12 size 40 Howl #buckets 4 coarsen threshold 1843 Howl Bitmap #cards 512 size 80 coarsen threshold 460 Card regions per heap region 1 cards per card region 2048
 CPUs: 8 total, 8 available
 Memory: 16134M
 Large Page Support: Disabled
 NUMA Support: Disabled
 Compressed Oops: Enabled (32-bit)
 Heap Region Size: 1M
 Heap Min Capacity: 8M
 Heap Initial Capacity: 254M
 Heap Max Capacity: 2G
 Pre-touch: Disabled
 Parallel Workers: 8
 Concurrent Workers: 2
 Concurrent Refinement Workers: 8
 Periodic GC: Disabled

Heap:
 garbage-first heap   total 215040K, used 139930K [0x0000000080000000, 0x0000000100000000)
  region size 1024K, 18 young (18432K), 6 survivors (6144K)
 Metaspace       used 102284K, committed 104512K, reserved 1179648K
  class space    used 14355K, committed 15424K, reserved 1048576K

Heap Regions: E=young(eden), S=young(survivor), O=old, HS=humongous(starts), HC=humongous(continues), CS=collection set, F=free, TAMS=top-at-mark-start, PB=parsable bottom
|   0|0x0000000080000000, 0x0000000080100000, 0x0000000080100000|100%|HS|  |TAMS 0x0000000080000000| PB 0x0000000080000000| Complete 
|   1|0x0000000080100000, 0x0000000080200000, 0x0000000080200000|100%|HC|  |TAMS 0x0000000080100000| PB 0x0000000080100000| Complete 
|   2|0x0000000080200000, 0x0000000080300000, 0x0000000080300000|100%|HC|  |TAMS 0x0000000080200000| PB 0x0000000080200000| Complete 
|   3|0x0000000080300000, 0x0000000080400000, 0x0000000080400000|100%|HC|  |TAMS 0x0000000080300000| PB 0x0000000080300000| Complete 
|   4|0x0000000080400000, 0x0000000080500000, 0x0000000080500000|100%| O|  |TAMS 0x0000000080400000| PB 0x0000000080400000| Untracked 
|   5|0x0000000080500000, 0x0000000080600000, 0x0000000080600000|100%| O|  |TAMS 0x0000000080500000| PB 0x0000000080500000| Untracked 
|   6|0x0000000080600000, 0x0000000080700000, 0x0000000080700000|100%|HS|  |TAMS 0x0000000080600000| PB 0x0000000080600000| Complete 
|   7|0x0000000080700000, 0x0000000080800000, 0x0000000080800000|100%| O|  |TAMS 0x0000000080700000| PB 0x0000000080700000| Untracked 
|   8|0x0000000080800000, 0x0000000080900000, 0x0000000080900000|100%| O|  |TAMS 0x0000000080800000| PB 0x0000000080800000| Untracked 
|   9|0x0000000080900000, 0x0000000080a00000, 0x0000000080a00000|100%| O|  |TAMS 0x0000000080900000| PB 0x0000000080900000| Untracked 
|  10|0x0000000080a00000, 0x0000000080b00000, 0x0000000080b00000|100%| O|  |TAMS 0x0000000080a00000| PB 0x0000000080a00000| Untracked 
|  11|0x0000000080b00000, 0x0000000080c00000, 0x0000000080c00000|100%| O|  |TAMS 0x0000000080b00000| PB 0x0000000080b00000| Untracked 
|  12|0x0000000080c00000, 0x0000000080d00000, 0x0000000080d00000|100%| O|  |TAMS 0x0000000080c00000| PB 0x0000000080c00000| Untracked 
|  13|0x0000000080d00000, 0x0000000080e00000, 0x0000000080e00000|100%| O|  |TAMS 0x0000000080d00000| PB 0x0000000080d00000| Untracked 
|  14|0x0000000080e00000, 0x0000000080f00000, 0x0000000080f00000|100%| O|  |TAMS 0x0000000080e00000| PB 0x0000000080e00000| Untracked 
|  15|0x0000000080f00000, 0x0000000081000000, 0x0000000081000000|100%| O|  |TAMS 0x0000000080f00000| PB 0x0000000080f00000| Untracked 
|  16|0x0000000081000000, 0x0000000081100000, 0x0000000081100000|100%| O|  |TAMS 0x0000000081000000| PB 0x0000000081000000| Untracked 
|  17|0x0000000081100000, 0x0000000081200000, 0x0000000081200000|100%| O|  |TAMS 0x0000000081100000| PB 0x0000000081100000| Untracked 
|  18|0x0000000081200000, 0x0000000081300000, 0x0000000081300000|100%| O|  |TAMS 0x0000000081200000| PB 0x0000000081200000| Untracked 
|  19|0x0000000081300000, 0x0000000081400000, 0x0000000081400000|100%| O|  |TAMS 0x0000000081300000| PB 0x0000000081300000| Untracked 
|  20|0x0000000081400000, 0x0000000081500000, 0x0000000081500000|100%| O|  |TAMS 0x0000000081400000| PB 0x0000000081400000| Untracked 
|  21|0x0000000081500000, 0x0000000081600000, 0x0000000081600000|100%| O|  |TAMS 0x0000000081500000| PB 0x0000000081500000| Untracked 
|  22|0x0000000081600000, 0x0000000081700000, 0x0000000081700000|100%|HS|  |TAMS 0x0000000081600000| PB 0x0000000081600000| Complete 
|  23|0x0000000081700000, 0x0000000081800000, 0x0000000081800000|100%| O|  |TAMS 0x0000000081700000| PB 0x0000000081700000| Untracked 
|  24|0x0000000081800000, 0x0000000081900000, 0x0000000081900000|100%|HS|  |TAMS 0x0000000081800000| PB 0x0000000081800000| Complete 
|  25|0x0000000081900000, 0x0000000081a00000, 0x0000000081a00000|100%|HC|  |TAMS 0x0000000081900000| PB 0x0000000081900000| Complete 
|  26|0x0000000081a00000, 0x0000000081b00000, 0x0000000081b00000|100%|HC|  |TAMS 0x0000000081a00000| PB 0x0000000081a00000| Complete 
|  27|0x0000000081b00000, 0x0000000081c00000, 0x0000000081c00000|100%|HC|  |TAMS 0x0000000081b00000| PB 0x0000000081b00000| Complete 
|  28|0x0000000081c00000, 0x0000000081d00000, 0x0000000081d00000|100%|HC|  |TAMS 0x0000000081c00000| PB 0x0000000081c00000| Complete 
|  29|0x0000000081d00000, 0x0000000081e00000, 0x0000000081e00000|100%|HC|  |TAMS 0x0000000081d00000| PB 0x0000000081d00000| Complete 
|  30|0x0000000081e00000, 0x0000000081f00000, 0x0000000081f00000|100%|HS|  |TAMS 0x0000000081e00000| PB 0x0000000081e00000| Complete 
|  31|0x0000000081f00000, 0x0000000082000000, 0x0000000082000000|100%|HC|  |TAMS 0x0000000081f00000| PB 0x0000000081f00000| Complete 
|  32|0x0000000082000000, 0x0000000082100000, 0x0000000082100000|100%|HS|  |TAMS 0x0000000082000000| PB 0x0000000082000000| Complete 
|  33|0x0000000082100000, 0x0000000082200000, 0x0000000082200000|100%|HC|  |TAMS 0x0000000082100000| PB 0x0000000082100000| Complete 
|  34|0x0000000082200000, 0x0000000082300000, 0x0000000082300000|100%|HC|  |TAMS 0x0000000082200000| PB 0x0000000082200000| Complete 
|  35|0x0000000082300000, 0x0000000082400000, 0x0000000082400000|100%|HC|  |TAMS 0x0000000082300000| PB 0x0000000082300000| Complete 
|  36|0x0000000082400000, 0x0000000082500000, 0x0000000082500000|100%|HC|  |TAMS 0x0000000082400000| PB 0x0000000082400000| Complete 
|  37|0x0000000082500000, 0x0000000082600000, 0x0000000082600000|100%|HC|  |TAMS 0x0000000082500000| PB 0x0000000082500000| Complete 
|  38|0x0000000082600000, 0x0000000082700000, 0x0000000082700000|100%|HS|  |TAMS 0x0000000082600000| PB 0x0000000082600000| Complete 
|  39|0x0000000082700000, 0x0000000082800000, 0x0000000082800000|100%|HC|  |TAMS 0x0000000082700000| PB 0x0000000082700000| Complete 
|  40|0x0000000082800000, 0x0000000082900000, 0x0000000082900000|100%|HS|  |TAMS 0x0000000082800000| PB 0x0000000082800000| Complete 
|  41|0x0000000082900000, 0x0000000082a00000, 0x0000000082a00000|100%| O|  |TAMS 0x0000000082900000| PB 0x0000000082900000| Untracked 
|  42|0x0000000082a00000, 0x0000000082b00000, 0x0000000082b00000|100%| O|  |TAMS 0x0000000082a00000| PB 0x0000000082a00000| Untracked 
|  43|0x0000000082b00000, 0x0000000082c00000, 0x0000000082c00000|100%| O|  |TAMS 0x0000000082b00000| PB 0x0000000082b00000| Untracked 
|  44|0x0000000082c00000, 0x0000000082d00000, 0x0000000082d00000|100%| O|  |TAMS 0x0000000082c00000| PB 0x0000000082c00000| Untracked 
|  45|0x0000000082d00000, 0x0000000082e00000, 0x0000000082e00000|100%| O|  |TAMS 0x0000000082d00000| PB 0x0000000082d00000| Untracked 
|  46|0x0000000082e00000, 0x0000000082f00000, 0x0000000082f00000|100%| O|  |TAMS 0x0000000082e00000| PB 0x0000000082e00000| Untracked 
|  47|0x0000000082f00000, 0x0000000083000000, 0x0000000083000000|100%| O|  |TAMS 0x0000000082f00000| PB 0x0000000082f00000| Untracked 
|  48|0x0000000083000000, 0x0000000083100000, 0x0000000083100000|100%| O|  |TAMS 0x0000000083000000| PB 0x0000000083000000| Untracked 
|  49|0x0000000083100000, 0x0000000083200000, 0x0000000083200000|100%| O|  |TAMS 0x0000000083100000| PB 0x0000000083100000| Untracked 
|  50|0x0000000083200000, 0x0000000083300000, 0x0000000083300000|100%| O|  |TAMS 0x0000000083200000| PB 0x0000000083200000| Untracked 
|  51|0x0000000083300000, 0x0000000083400000, 0x0000000083400000|100%| O|  |TAMS 0x0000000083300000| PB 0x0000000083300000| Untracked 
|  52|0x0000000083400000, 0x0000000083500000, 0x0000000083500000|100%|HS|  |TAMS 0x0000000083400000| PB 0x0000000083400000| Complete 
|  53|0x0000000083500000, 0x0000000083600000, 0x0000000083600000|100%|HC|  |TAMS 0x0000000083500000| PB 0x0000000083500000| Complete 
|  54|0x0000000083600000, 0x0000000083700000, 0x0000000083700000|100%| O|  |TAMS 0x0000000083600000| PB 0x0000000083600000| Untracked 
|  55|0x0000000083700000, 0x0000000083800000, 0x0000000083800000|100%| O|  |TAMS 0x0000000083700000| PB 0x0000000083700000| Untracked 
|  56|0x0000000083800000, 0x0000000083900000, 0x0000000083900000|100%| O|  |TAMS 0x0000000083800000| PB 0x0000000083800000| Untracked 
|  57|0x0000000083900000, 0x0000000083a00000, 0x0000000083a00000|100%| O|  |TAMS 0x0000000083900000| PB 0x0000000083900000| Untracked 
|  58|0x0000000083a00000, 0x0000000083b00000, 0x0000000083b00000|100%| O|  |TAMS 0x0000000083a00000| PB 0x0000000083a00000| Untracked 
|  59|0x0000000083b00000, 0x0000000083c00000, 0x0000000083c00000|100%| O|  |TAMS 0x0000000083b00000| PB 0x0000000083b00000| Untracked 
|  60|0x0000000083c00000, 0x0000000083d00000, 0x0000000083d00000|100%| O|  |TAMS 0x0000000083c00000| PB 0x0000000083c00000| Untracked 
|  61|0x0000000083d00000, 0x0000000083e00000, 0x0000000083e00000|100%| O|  |TAMS 0x0000000083d00000| PB 0x0000000083d00000| Untracked 
|  62|0x0000000083e00000, 0x0000000083f00000, 0x0000000083f00000|100%| O|  |TAMS 0x0000000083e00000| PB 0x0000000083e00000| Untracked 
|  63|0x0000000083f00000, 0x0000000084000000, 0x0000000084000000|100%| O|  |TAMS 0x0000000083f00000| PB 0x0000000083f00000| Untracked 
|  64|0x0000000084000000, 0x0000000084100000, 0x0000000084100000|100%| O|  |TAMS 0x0000000084000000| PB 0x0000000084000000| Untracked 
|  65|0x0000000084100000, 0x0000000084200000, 0x0000000084200000|100%| O|  |TAMS 0x0000000084100000| PB 0x0000000084100000| Untracked 
|  66|0x0000000084200000, 0x0000000084300000, 0x0000000084300000|100%| O|  |TAMS 0x0000000084200000| PB 0x0000000084200000| Untracked 
|  67|0x0000000084300000, 0x0000000084400000, 0x0000000084400000|100%| O|  |TAMS 0x0000000084300000| PB 0x0000000084300000| Untracked 
|  68|0x0000000084400000, 0x0000000084500000, 0x0000000084500000|100%|HS|  |TAMS 0x0000000084400000| PB 0x0000000084400000| Complete 
|  69|0x0000000084500000, 0x0000000084600000, 0x0000000084600000|100%|HS|  |TAMS 0x0000000084500000| PB 0x0000000084500000| Complete 
|  70|0x0000000084600000, 0x0000000084700000, 0x0000000084700000|100%| O|  |TAMS 0x0000000084600000| PB 0x0000000084600000| Untracked 
|  71|0x0000000084700000, 0x0000000084800000, 0x0000000084800000|100%| O|  |TAMS 0x0000000084700000| PB 0x0000000084700000| Untracked 
|  72|0x0000000084800000, 0x0000000084900000, 0x0000000084900000|100%| O|  |TAMS 0x0000000084800000| PB 0x0000000084800000| Untracked 
|  73|0x0000000084900000, 0x0000000084a00000, 0x0000000084a00000|100%| O|  |TAMS 0x0000000084900000| PB 0x0000000084900000| Untracked 
|  74|0x0000000084a00000, 0x0000000084b00000, 0x0000000084b00000|100%| O|  |TAMS 0x0000000084a00000| PB 0x0000000084a00000| Untracked 
|  75|0x0000000084b00000, 0x0000000084c00000, 0x0000000084c00000|100%| O|  |TAMS 0x0000000084b00000| PB 0x0000000084b00000| Untracked 
|  76|0x0000000084c00000, 0x0000000084d00000, 0x0000000084d00000|100%| O|  |TAMS 0x0000000084c00000| PB 0x0000000084c00000| Untracked 
|  77|0x0000000084d00000, 0x0000000084e00000, 0x0000000084e00000|100%| O|  |TAMS 0x0000000084d00000| PB 0x0000000084d00000| Untracked 
|  78|0x0000000084e00000, 0x0000000084f00000, 0x0000000084f00000|100%|HS|  |TAMS 0x0000000084e00000| PB 0x0000000084e00000| Complete 
|  79|0x0000000084f00000, 0x0000000085000000, 0x0000000085000000|100%|HS|  |TAMS 0x0000000084f00000| PB 0x0000000084f00000| Complete 
|  80|0x0000000085000000, 0x0000000085100000, 0x0000000085100000|100%|HS|  |TAMS 0x0000000085000000| PB 0x0000000085000000| Complete 
|  81|0x0000000085100000, 0x0000000085200000, 0x0000000085200000|100%|HC|  |TAMS 0x0000000085100000| PB 0x0000000085100000| Complete 
|  82|0x0000000085200000, 0x0000000085300000, 0x0000000085300000|100%| O|  |TAMS 0x0000000085200000| PB 0x0000000085200000| Untracked 
|  83|0x0000000085300000, 0x0000000085400000, 0x0000000085400000|100%| O|  |TAMS 0x0000000085300000| PB 0x0000000085300000| Untracked 
|  84|0x0000000085400000, 0x0000000085500000, 0x0000000085500000|100%| O|  |TAMS 0x0000000085400000| PB 0x0000000085400000| Untracked 
|  85|0x0000000085500000, 0x0000000085600000, 0x0000000085600000|100%| O|  |TAMS 0x0000000085500000| PB 0x0000000085500000| Untracked 
|  86|0x0000000085600000, 0x0000000085700000, 0x0000000085700000|100%|HS|  |TAMS 0x0000000085600000| PB 0x0000000085600000| Complete 
|  87|0x0000000085700000, 0x0000000085800000, 0x0000000085800000|100%|HC|  |TAMS 0x0000000085700000| PB 0x0000000085700000| Complete 
|  88|0x0000000085800000, 0x0000000085900000, 0x0000000085900000|100%|HS|  |TAMS 0x0000000085800000| PB 0x0000000085800000| Complete 
|  89|0x0000000085900000, 0x0000000085a00000, 0x0000000085a00000|100%| O|  |TAMS 0x0000000085900000| PB 0x0000000085900000| Untracked 
|  90|0x0000000085a00000, 0x0000000085b00000, 0x0000000085b00000|100%| O|  |TAMS 0x0000000085a00000| PB 0x0000000085a00000| Untracked 
|  91|0x0000000085b00000, 0x0000000085c00000, 0x0000000085c00000|100%| O|  |TAMS 0x0000000085b00000| PB 0x0000000085b00000| Untracked 
|  92|0x0000000085c00000, 0x0000000085d00000, 0x0000000085d00000|100%| O|  |TAMS 0x0000000085c00000| PB 0x0000000085c00000| Untracked 
|  93|0x0000000085d00000, 0x0000000085e00000, 0x0000000085e00000|100%|HS|  |TAMS 0x0000000085d00000| PB 0x0000000085d00000| Complete 
|  94|0x0000000085e00000, 0x0000000085f00000, 0x0000000085f00000|100%| O|  |TAMS 0x0000000085e00000| PB 0x0000000085e00000| Untracked 
|  95|0x0000000085f00000, 0x0000000086000000, 0x0000000086000000|100%| O|  |TAMS 0x0000000085f00000| PB 0x0000000085f00000| Untracked 
|  96|0x0000000086000000, 0x0000000086100000, 0x0000000086100000|100%| O|  |TAMS 0x0000000086000000| PB 0x0000000086000000| Untracked 
|  97|0x0000000086100000, 0x0000000086200000, 0x0000000086200000|100%| O|  |TAMS 0x0000000086100000| PB 0x0000000086100000| Untracked 
|  98|0x0000000086200000, 0x0000000086300000, 0x0000000086300000|100%| O|  |TAMS 0x0000000086200000| PB 0x0000000086200000| Untracked 
|  99|0x0000000086300000, 0x0000000086400000, 0x0000000086400000|100%|HS|  |TAMS 0x0000000086300000| PB 0x0000000086300000| Complete 
| 100|0x0000000086400000, 0x0000000086500000, 0x0000000086500000|100%| O|  |TAMS 0x0000000086400000| PB 0x0000000086400000| Untracked 
| 101|0x0000000086500000, 0x0000000086600000, 0x0000000086600000|100%| O|  |TAMS 0x0000000086500000| PB 0x0000000086500000| Untracked 
| 102|0x0000000086600000, 0x0000000086600000, 0x0000000086700000|  0%| F|  |TAMS 0x0000000086600000| PB 0x0000000086600000| Untracked 
| 103|0x0000000086700000, 0x0000000086700000, 0x0000000086800000|  0%| F|  |TAMS 0x0000000086700000| PB 0x0000000086700000| Untracked 
| 104|0x0000000086800000, 0x0000000086800000, 0x0000000086900000|  0%| F|  |TAMS 0x0000000086800000| PB 0x0000000086800000| Untracked 
| 105|0x0000000086900000, 0x0000000086900000, 0x0000000086a00000|  0%| F|  |TAMS 0x0000000086900000| PB 0x0000000086900000| Untracked 
| 106|0x0000000086a00000, 0x0000000086a00000, 0x0000000086b00000|  0%| F|  |TAMS 0x0000000086a00000| PB 0x0000000086a00000| Untracked 
| 107|0x0000000086b00000, 0x0000000086b00000, 0x0000000086c00000|  0%| F|  |TAMS 0x0000000086b00000| PB 0x0000000086b00000| Untracked 
| 108|0x0000000086c00000, 0x0000000086c00000, 0x0000000086d00000|  0%| F|  |TAMS 0x0000000086c00000| PB 0x0000000086c00000| Untracked 
| 109|0x0000000086d00000, 0x0000000086d00000, 0x0000000086e00000|  0%| F|  |TAMS 0x0000000086d00000| PB 0x0000000086d00000| Untracked 
| 110|0x0000000086e00000, 0x0000000086e00000, 0x0000000086f00000|  0%| F|  |TAMS 0x0000000086e00000| PB 0x0000000086e00000| Untracked 
| 111|0x0000000086f00000, 0x0000000086f00000, 0x0000000087000000|  0%| F|  |TAMS 0x0000000086f00000| PB 0x0000000086f00000| Untracked 
| 112|0x0000000087000000, 0x0000000087100000, 0x0000000087100000|100%| O|  |TAMS 0x0000000087000000| PB 0x0000000087000000| Untracked 
| 113|0x0000000087100000, 0x0000000087200000, 0x0000000087200000|100%| O|  |TAMS 0x0000000087100000| PB 0x0000000087100000| Untracked 
| 114|0x0000000087200000, 0x0000000087300000, 0x0000000087300000|100%| O|  |TAMS 0x0000000087200000| PB 0x0000000087200000| Untracked 
| 115|0x0000000087300000, 0x0000000087350480, 0x0000000087400000| 31%| O|  |TAMS 0x0000000087300000| PB 0x0000000087300000| Untracked 
| 116|0x0000000087400000, 0x0000000087500000, 0x0000000087500000|100%| S|CS|TAMS 0x0000000087400000| PB 0x0000000087400000| Complete 
| 117|0x0000000087500000, 0x0000000087600000, 0x0000000087600000|100%| S|CS|TAMS 0x0000000087500000| PB 0x0000000087500000| Complete 
| 118|0x0000000087600000, 0x0000000087700000, 0x0000000087700000|100%| S|CS|TAMS 0x0000000087600000| PB 0x0000000087600000| Complete 
| 119|0x0000000087700000, 0x0000000087800000, 0x0000000087800000|100%| S|CS|TAMS 0x0000000087700000| PB 0x0000000087700000| Complete 
| 120|0x0000000087800000, 0x0000000087900000, 0x0000000087900000|100%| S|CS|TAMS 0x0000000087800000| PB 0x0000000087800000| Complete 
| 121|0x0000000087900000, 0x0000000087900000, 0x0000000087a00000|  0%| F|  |TAMS 0x0000000087900000| PB 0x0000000087900000| Untracked 
| 122|0x0000000087a00000, 0x0000000087a00000, 0x0000000087b00000|  0%| F|  |TAMS 0x0000000087a00000| PB 0x0000000087a00000| Untracked 
| 123|0x0000000087b00000, 0x0000000087b00000, 0x0000000087c00000|  0%| F|  |TAMS 0x0000000087b00000| PB 0x0000000087b00000| Untracked 
| 124|0x0000000087c00000, 0x0000000087c00000, 0x0000000087d00000|  0%| F|  |TAMS 0x0000000087c00000| PB 0x0000000087c00000| Untracked 
| 125|0x0000000087d00000, 0x0000000087d00000, 0x0000000087e00000|  0%| F|  |TAMS 0x0000000087d00000| PB 0x0000000087d00000| Untracked 
| 126|0x0000000087e00000, 0x0000000087e00000, 0x0000000087f00000|  0%| F|  |TAMS 0x0000000087e00000| PB 0x0000000087e00000| Untracked 
| 127|0x0000000087f00000, 0x0000000087f00000, 0x0000000088000000|  0%| F|  |TAMS 0x0000000087f00000| PB 0x0000000087f00000| Untracked 
| 128|0x0000000088000000, 0x0000000088000000, 0x0000000088100000|  0%| F|  |TAMS 0x0000000088000000| PB 0x0000000088000000| Untracked 
| 129|0x0000000088100000, 0x0000000088100000, 0x0000000088200000|  0%| F|  |TAMS 0x0000000088100000| PB 0x0000000088100000| Untracked 
| 130|0x0000000088200000, 0x0000000088200000, 0x0000000088300000|  0%| F|  |TAMS 0x0000000088200000| PB 0x0000000088200000| Untracked 
| 131|0x0000000088300000, 0x0000000088300000, 0x0000000088400000|  0%| F|  |TAMS 0x0000000088300000| PB 0x0000000088300000| Untracked 
| 132|0x0000000088400000, 0x0000000088400000, 0x0000000088500000|  0%| F|  |TAMS 0x0000000088400000| PB 0x0000000088400000| Untracked 
| 133|0x0000000088500000, 0x0000000088500000, 0x0000000088600000|  0%| F|  |TAMS 0x0000000088500000| PB 0x0000000088500000| Untracked 
| 134|0x0000000088600000, 0x0000000088600000, 0x0000000088700000|  0%| F|  |TAMS 0x0000000088600000| PB 0x0000000088600000| Untracked 
| 135|0x0000000088700000, 0x0000000088700000, 0x0000000088800000|  0%| F|  |TAMS 0x0000000088700000| PB 0x0000000088700000| Untracked 
| 136|0x0000000088800000, 0x0000000088800000, 0x0000000088900000|  0%| F|  |TAMS 0x0000000088800000| PB 0x0000000088800000| Untracked 
| 137|0x0000000088900000, 0x0000000088900000, 0x0000000088a00000|  0%| F|  |TAMS 0x0000000088900000| PB 0x0000000088900000| Untracked 
| 138|0x0000000088a00000, 0x0000000088a00000, 0x0000000088b00000|  0%| F|  |TAMS 0x0000000088a00000| PB 0x0000000088a00000| Untracked 
| 139|0x0000000088b00000, 0x0000000088b00000, 0x0000000088c00000|  0%| F|  |TAMS 0x0000000088b00000| PB 0x0000000088b00000| Untracked 
| 140|0x0000000088c00000, 0x0000000088c00000, 0x0000000088d00000|  0%| F|  |TAMS 0x0000000088c00000| PB 0x0000000088c00000| Untracked 
| 141|0x0000000088d00000, 0x0000000088d00000, 0x0000000088e00000|  0%| F|  |TAMS 0x0000000088d00000| PB 0x0000000088d00000| Untracked 
| 142|0x0000000088e00000, 0x0000000088e00000, 0x0000000088f00000|  0%| F|  |TAMS 0x0000000088e00000| PB 0x0000000088e00000| Untracked 
| 143|0x0000000088f00000, 0x0000000088f00000, 0x0000000089000000|  0%| F|  |TAMS 0x0000000088f00000| PB 0x0000000088f00000| Untracked 
| 144|0x0000000089000000, 0x0000000089000000, 0x0000000089100000|  0%| F|  |TAMS 0x0000000089000000| PB 0x0000000089000000| Untracked 
| 145|0x0000000089100000, 0x0000000089100000, 0x0000000089200000|  0%| F|  |TAMS 0x0000000089100000| PB 0x0000000089100000| Untracked 
| 146|0x0000000089200000, 0x0000000089200000, 0x0000000089300000|  0%| F|  |TAMS 0x0000000089200000| PB 0x0000000089200000| Untracked 
| 147|0x0000000089300000, 0x0000000089300000, 0x0000000089400000|  0%| F|  |TAMS 0x0000000089300000| PB 0x0000000089300000| Untracked 
| 148|0x0000000089400000, 0x0000000089400000, 0x0000000089500000|  0%| F|  |TAMS 0x0000000089400000| PB 0x0000000089400000| Untracked 
| 149|0x0000000089500000, 0x0000000089500000, 0x0000000089600000|  0%| F|  |TAMS 0x0000000089500000| PB 0x0000000089500000| Untracked 
| 150|0x0000000089600000, 0x0000000089600000, 0x0000000089700000|  0%| F|  |TAMS 0x0000000089600000| PB 0x0000000089600000| Untracked 
| 151|0x0000000089700000, 0x0000000089700000, 0x0000000089800000|  0%| F|  |TAMS 0x0000000089700000| PB 0x0000000089700000| Untracked 
| 152|0x0000000089800000, 0x0000000089800000, 0x0000000089900000|  0%| F|  |TAMS 0x0000000089800000| PB 0x0000000089800000| Untracked 
| 153|0x0000000089900000, 0x0000000089900000, 0x0000000089a00000|  0%| F|  |TAMS 0x0000000089900000| PB 0x0000000089900000| Untracked 
| 154|0x0000000089a00000, 0x0000000089a00000, 0x0000000089b00000|  0%| F|  |TAMS 0x0000000089a00000| PB 0x0000000089a00000| Untracked 
| 155|0x0000000089b00000, 0x0000000089b00000, 0x0000000089c00000|  0%| F|  |TAMS 0x0000000089b00000| PB 0x0000000089b00000| Untracked 
| 156|0x0000000089c00000, 0x0000000089c00000, 0x0000000089d00000|  0%| F|  |TAMS 0x0000000089c00000| PB 0x0000000089c00000| Untracked 
| 157|0x0000000089d00000, 0x0000000089d00000, 0x0000000089e00000|  0%| F|  |TAMS 0x0000000089d00000| PB 0x0000000089d00000| Untracked 
| 158|0x0000000089e00000, 0x0000000089e00000, 0x0000000089f00000|  0%| F|  |TAMS 0x0000000089e00000| PB 0x0000000089e00000| Untracked 
| 159|0x0000000089f00000, 0x0000000089f00000, 0x000000008a000000|  0%| F|  |TAMS 0x0000000089f00000| PB 0x0000000089f00000| Untracked 
| 160|0x000000008a000000, 0x000000008a000000, 0x000000008a100000|  0%| F|  |TAMS 0x000000008a000000| PB 0x000000008a000000| Untracked 
| 161|0x000000008a100000, 0x000000008a100000, 0x000000008a200000|  0%| F|  |TAMS 0x000000008a100000| PB 0x000000008a100000| Untracked 
| 162|0x000000008a200000, 0x000000008a200000, 0x000000008a300000|  0%| F|  |TAMS 0x000000008a200000| PB 0x000000008a200000| Untracked 
| 163|0x000000008a300000, 0x000000008a300000, 0x000000008a400000|  0%| F|  |TAMS 0x000000008a300000| PB 0x000000008a300000| Untracked 
| 164|0x000000008a400000, 0x000000008a400000, 0x000000008a500000|  0%| F|  |TAMS 0x000000008a400000| PB 0x000000008a400000| Untracked 
| 165|0x000000008a500000, 0x000000008a500000, 0x000000008a600000|  0%| F|  |TAMS 0x000000008a500000| PB 0x000000008a500000| Untracked 
| 166|0x000000008a600000, 0x000000008a600000, 0x000000008a700000|  0%| F|  |TAMS 0x000000008a600000| PB 0x000000008a600000| Untracked 
| 167|0x000000008a700000, 0x000000008a700000, 0x000000008a800000|  0%| F|  |TAMS 0x000000008a700000| PB 0x000000008a700000| Untracked 
| 168|0x000000008a800000, 0x000000008a800000, 0x000000008a900000|  0%| F|  |TAMS 0x000000008a800000| PB 0x000000008a800000| Untracked 
| 169|0x000000008a900000, 0x000000008a900000, 0x000000008aa00000|  0%| F|  |TAMS 0x000000008a900000| PB 0x000000008a900000| Untracked 
| 170|0x000000008aa00000, 0x000000008aa00000, 0x000000008ab00000|  0%| F|  |TAMS 0x000000008aa00000| PB 0x000000008aa00000| Untracked 
| 171|0x000000008ab00000, 0x000000008ab00000, 0x000000008ac00000|  0%| F|  |TAMS 0x000000008ab00000| PB 0x000000008ab00000| Untracked 
| 172|0x000000008ac00000, 0x000000008ac00000, 0x000000008ad00000|  0%| F|  |TAMS 0x000000008ac00000| PB 0x000000008ac00000| Untracked 
| 173|0x000000008ad00000, 0x000000008ad00000, 0x000000008ae00000|  0%| F|  |TAMS 0x000000008ad00000| PB 0x000000008ad00000| Untracked 
| 174|0x000000008ae00000, 0x000000008ae00000, 0x000000008af00000|  0%| F|  |TAMS 0x000000008ae00000| PB 0x000000008ae00000| Untracked 
| 175|0x000000008af00000, 0x000000008af00000, 0x000000008b000000|  0%| F|  |TAMS 0x000000008af00000| PB 0x000000008af00000| Untracked 
| 176|0x000000008b000000, 0x000000008b000000, 0x000000008b100000|  0%| F|  |TAMS 0x000000008b000000| PB 0x000000008b000000| Untracked 
| 177|0x000000008b100000, 0x000000008b100000, 0x000000008b200000|  0%| F|  |TAMS 0x000000008b100000| PB 0x000000008b100000| Untracked 
| 178|0x000000008b200000, 0x000000008b256590, 0x000000008b300000| 33%| S|CS|TAMS 0x000000008b200000| PB 0x000000008b200000| Complete 
| 241|0x000000008f100000, 0x000000008f100000, 0x000000008f200000|  0%| F|  |TAMS 0x000000008f100000| PB 0x000000008f100000| Untracked 
| 242|0x000000008f200000, 0x000000008f200000, 0x000000008f300000|  0%| F|  |TAMS 0x000000008f200000| PB 0x000000008f200000| Untracked 
| 243|0x000000008f300000, 0x000000008f300000, 0x000000008f400000|  0%| F|  |TAMS 0x000000008f300000| PB 0x000000008f300000| Untracked 
| 244|0x000000008f400000, 0x000000008f500000, 0x000000008f500000|100%| E|  |TAMS 0x000000008f400000| PB 0x000000008f400000| Complete 
| 245|0x000000008f500000, 0x000000008f600000, 0x000000008f600000|100%| E|CS|TAMS 0x000000008f500000| PB 0x000000008f500000| Complete 
| 246|0x000000008f600000, 0x000000008f700000, 0x000000008f700000|100%| E|CS|TAMS 0x000000008f600000| PB 0x000000008f600000| Complete 
| 247|0x000000008f700000, 0x000000008f800000, 0x000000008f800000|100%| E|CS|TAMS 0x000000008f700000| PB 0x000000008f700000| Complete 
| 248|0x000000008f800000, 0x000000008f900000, 0x000000008f900000|100%| E|CS|TAMS 0x000000008f800000| PB 0x000000008f800000| Complete 
| 249|0x000000008f900000, 0x000000008fa00000, 0x000000008fa00000|100%| E|CS|TAMS 0x000000008f900000| PB 0x000000008f900000| Complete 
| 253|0x000000008fd00000, 0x000000008fe00000, 0x000000008fe00000|100%| E|CS|TAMS 0x000000008fd00000| PB 0x000000008fd00000| Complete 
|2027|0x00000000feb00000, 0x00000000fec00000, 0x00000000fec00000|100%| O|  |TAMS 0x00000000feb00000| PB 0x00000000feb00000| Untracked 
|2028|0x00000000fec00000, 0x00000000fed00000, 0x00000000fed00000|100%| O|  |TAMS 0x00000000fec00000| PB 0x00000000fec00000| Untracked 
|2029|0x00000000fed00000, 0x00000000fee00000, 0x00000000fee00000|100%| O|  |TAMS 0x00000000fed00000| PB 0x00000000fed00000| Untracked 
|2030|0x00000000fee00000, 0x00000000fef00000, 0x00000000fef00000|100%| O|  |TAMS 0x00000000fee00000| PB 0x00000000fee00000| Untracked 
|2031|0x00000000fef00000, 0x00000000ff000000, 0x00000000ff000000|100%| E|CS|TAMS 0x00000000fef00000| PB 0x00000000fef00000| Complete 
|2032|0x00000000ff000000, 0x00000000ff100000, 0x00000000ff100000|100%| E|CS|TAMS 0x00000000ff000000| PB 0x00000000ff000000| Complete 
|2033|0x00000000ff100000, 0x00000000ff200000, 0x00000000ff200000|100%| E|CS|TAMS 0x00000000ff100000| PB 0x00000000ff100000| Complete 
|2034|0x00000000ff200000, 0x00000000ff300000, 0x00000000ff300000|100%| O|  |TAMS 0x00000000ff200000| PB 0x00000000ff200000| Untracked 
|2035|0x00000000ff300000, 0x00000000ff400000, 0x00000000ff400000|100%| O|  |TAMS 0x00000000ff300000| PB 0x00000000ff300000| Untracked 
|2036|0x00000000ff400000, 0x00000000ff500000, 0x00000000ff500000|100%| E|CS|TAMS 0x00000000ff400000| PB 0x00000000ff400000| Complete 
|2037|0x00000000ff500000, 0x00000000ff600000, 0x00000000ff600000|100%| O|  |TAMS 0x00000000ff500000| PB 0x00000000ff500000| Untracked 
|2038|0x00000000ff600000, 0x00000000ff700000, 0x00000000ff700000|100%| E|CS|TAMS 0x00000000ff600000| PB 0x00000000ff600000| Complete 
|2039|0x00000000ff700000, 0x00000000ff800000, 0x00000000ff800000|100%| O|  |TAMS 0x00000000ff700000| PB 0x00000000ff700000| Untracked 
|2040|0x00000000ff800000, 0x00000000ff900000, 0x00000000ff900000|100%| O|  |TAMS 0x00000000ff800000| PB 0x00000000ff800000| Untracked 
|2041|0x00000000ff900000, 0x00000000ffa00000, 0x00000000ffa00000|100%| O|  |TAMS 0x00000000ff900000| PB 0x00000000ff900000| Untracked 
|2042|0x00000000ffa00000, 0x00000000ffb00000, 0x00000000ffb00000|100%| O|  |TAMS 0x00000000ffa00000| PB 0x00000000ffa00000| Untracked 
|2043|0x00000000ffb00000, 0x00000000ffc00000, 0x00000000ffc00000|100%| O|  |TAMS 0x00000000ffb00000| PB 0x00000000ffb00000| Untracked 
|2044|0x00000000ffc00000, 0x00000000ffd00000, 0x00000000ffd00000|100%| E|CS|TAMS 0x00000000ffc00000| PB 0x00000000ffc00000| Complete 
|2045|0x00000000ffd00000, 0x00000000ffe00000, 0x00000000ffe00000|100%| O|  |TAMS 0x00000000ffd00000| PB 0x00000000ffd00000| Untracked 
|2046|0x00000000ffe00000, 0x00000000fff00000, 0x00000000fff00000|100%| O|  |TAMS 0x00000000ffe00000| PB 0x00000000ffe00000| Untracked 
|2047|0x00000000fff00000, 0x0000000100000000, 0x0000000100000000|100%| O|  |TAMS 0x00000000fff00000| PB 0x00000000fff00000| Untracked 

Card table byte_map: [0x00000166220b0000,0x00000166224b0000] _byte_map_base: 0x0000016621cb0000

Marking Bits: (CMBitMap*) 0x000001660f883f00
 Bits: [0x00000166224b0000, 0x00000166244b0000)

Polling page: 0x000001660d4e0000

Metaspace:

Usage:
  Non-class:     85.95 MB used.
      Class:     14.04 MB used.
       Both:     99.99 MB used.

Virtual space:
  Non-class space:      128.00 MB reserved,      87.06 MB ( 68%) committed,  2 nodes.
      Class space:        1.00 GB reserved,      15.06 MB (  1%) committed,  1 nodes.
             Both:        1.12 GB reserved,     102.12 MB (  9%) committed. 

Chunk freelists:
   Non-Class:  8.03 MB
       Class:  912.00 KB
        Both:  8.92 MB

MaxMetaspaceSize: unlimited
CompressedClassSpaceSize: 1.00 GB
Initial GC threshold: 21.00 MB
Current GC threshold: 156.06 MB
CDS: off
 - commit_granule_bytes: 65536.
 - commit_granule_words: 8192.
 - virtual_space_node_default_size: 8388608.
 - enlarge_chunks_in_place: 1.
 - use_allocation_guard: 0.


Internal statistics:

num_allocs_failed_limit: 6.
num_arena_births: 4166.
num_arena_deaths: 4.
num_vsnodes_births: 3.
num_vsnodes_deaths: 0.
num_space_committed: 1634.
num_space_uncommitted: 0.
num_chunks_returned_to_freelist: 15.
num_chunks_taken_from_freelist: 8595.
num_chunk_merges: 3.
num_chunk_splits: 5629.
num_chunks_enlarged: 3536.
num_inconsistent_stats: 0.

CodeHeap 'non-profiled nmethods': size=120000Kb used=6097Kb max_used=6097Kb free=113903Kb
 bounds [0x000001661a450000, 0x000001661aa50000, 0x0000016621980000]
CodeHeap 'profiled nmethods': size=120000Kb used=18423Kb max_used=18423Kb free=101576Kb
 bounds [0x0000016612980000, 0x0000016613b80000, 0x0000016619eb0000]
CodeHeap 'non-nmethods': size=5760Kb used=1960Kb max_used=2045Kb free=3799Kb
 bounds [0x0000016619eb0000, 0x000001661a120000, 0x000001661a450000]
CodeCache: size=245760Kb, used=26480Kb, max_used=26565Kb, free=219278Kb
 total_blobs=10867, nmethods=10023, adapters=747, full_count=0
Compilation: enabled, stopped_count=0, restarted_count=0

Compilation events (20 events):
Event: 62.398 Thread 0x0000016627040b90 12025       3       java.io.ObjectOutputStream::writeClassDesc (60 bytes)
Event: 62.398 Thread 0x0000016627040b90 nmethod 12025 0x0000016613b76e90 code [0x0000016613b77100, 0x0000016613b777c0]
Event: 62.399 Thread 0x0000016627040b90 12026       3       org.gradle.internal.service.DefaultServiceRegistry$1::add (13 bytes)
Event: 62.399 Thread 0x0000016627040b90 nmethod 12026 0x0000016613b77a90 code [0x0000016613b77c40, 0x0000016613b77e60]
Event: 62.399 Thread 0x0000016627040b90 12024       1       org.gradle.api.internal.provider.AbstractMinimalProvider::isImmutable (2 bytes)
Event: 62.399 Thread 0x0000016627040b90 nmethod 12024 0x000001661aa43b10 code [0x000001661aa43ca0, 0x000001661aa43d68]
Event: 62.399 Thread 0x0000016627040b90 12027       3       java.lang.ClassLoader::getSystemClassLoader (96 bytes)
Event: 62.400 Thread 0x0000016627040b90 nmethod 12027 0x0000016613b77f90 code [0x0000016613b78180, 0x0000016613b78600]
Event: 62.400 Thread 0x0000016627040b90 12028   !   3       java.io.ObjectInputStream$BlockDataInputStream::refill (136 bytes)
Event: 62.401 Thread 0x0000016627040b90 nmethod 12028 0x0000016613b78790 code [0x0000016613b789a0, 0x0000016613b78ec8]
Event: 62.401 Thread 0x0000016627040b90 12029       3       java.io.ObjectStreamClass::<init> (10 bytes)
Event: 62.401 Thread 0x0000016627040b90 nmethod 12029 0x0000016613b79190 code [0x0000016613b79340, 0x0000016613b794a8]
Event: 62.404 Thread 0x0000016627040b90 12030       3       java.io.ObjectStreamField::<init> (231 bytes)
Event: 62.406 Thread 0x0000016627040b90 nmethod 12030 0x0000016613b79590 code [0x0000016613b79800, 0x0000016613b7a4a8]
Event: 62.406 Thread 0x0000016627040b90 12031       1       org.gradle.api.internal.artifacts.dependencies.DefaultMutableVersionConstraint::getRequiredVersion (5 bytes)
Event: 62.406 Thread 0x0000016627040b90 nmethod 12031 0x000001661aa43e10 code [0x000001661aa43fa0, 0x000001661aa44068]
Event: 62.406 Thread 0x0000016627040b90 12033       3       org.gradle.api.internal.artifacts.dependencies.AbstractExternalModuleDependency::getGroup (10 bytes)
Event: 62.406 Thread 0x0000016627040b90 nmethod 12033 0x0000016613b7a890 code [0x0000016613b7aa40, 0x0000016613b7abb0]
Event: 62.406 Thread 0x0000016627040b90 12032       1       org.gradle.api.internal.DelegatingDomainObjectSet::getDelegate (5 bytes)
Event: 62.406 Thread 0x0000016627040b90 nmethod 12032 0x000001661aa44110 code [0x000001661aa442a0, 0x000001661aa44368]

GC Heap History (20 events):
Event: 46.516 GC heap before
{Heap before GC invocations=34 (full 0):
 garbage-first heap   total 193536K, used 177295K [0x0000000080000000, 0x0000000100000000)
  region size 1024K, 84 young (86016K), 4 survivors (4096K)
 Metaspace       used 81779K, committed 83712K, reserved 1179648K
  class space    used 11594K, committed 12544K, reserved 1048576K
}
Event: 46.527 GC heap after
{Heap after GC invocations=35 (full 0):
 garbage-first heap   total 193536K, used 95193K [0x0000000080000000, 0x0000000100000000)
  region size 1024K, 5 young (5120K), 5 survivors (5120K)
 Metaspace       used 81779K, committed 83712K, reserved 1179648K
  class space    used 11594K, committed 12544K, reserved 1048576K
}
Event: 47.184 GC heap before
{Heap before GC invocations=35 (full 0):
 garbage-first heap   total 193536K, used 177113K [0x0000000080000000, 0x0000000100000000)
  region size 1024K, 86 young (88064K), 5 survivors (5120K)
 Metaspace       used 81781K, committed 83712K, reserved 1179648K
  class space    used 11594K, committed 12544K, reserved 1048576K
}
Event: 47.193 GC heap after
{Heap after GC invocations=36 (full 0):
 garbage-first heap   total 193536K, used 95941K [0x0000000080000000, 0x0000000100000000)
  region size 1024K, 6 young (6144K), 6 survivors (6144K)
 Metaspace       used 81781K, committed 83712K, reserved 1179648K
  class space    used 11594K, committed 12544K, reserved 1048576K
}
Event: 47.788 GC heap before
{Heap before GC invocations=37 (full 0):
 garbage-first heap   total 193536K, used 177861K [0x0000000080000000, 0x0000000100000000)
  region size 1024K, 87 young (89088K), 6 survivors (6144K)
 Metaspace       used 81784K, committed 83712K, reserved 1179648K
  class space    used 11595K, committed 12544K, reserved 1048576K
}
Event: 47.796 GC heap after
{Heap after GC invocations=38 (full 0):
 garbage-first heap   total 193536K, used 96684K [0x0000000080000000, 0x0000000100000000)
  region size 1024K, 7 young (7168K), 7 survivors (7168K)
 Metaspace       used 81784K, committed 83712K, reserved 1179648K
  class space    used 11595K, committed 12544K, reserved 1048576K
}
Event: 48.272 GC heap before
{Heap before GC invocations=38 (full 0):
 garbage-first heap   total 193536K, used 179628K [0x0000000080000000, 0x0000000100000000)
  region size 1024K, 88 young (90112K), 7 survivors (7168K)
 Metaspace       used 81786K, committed 83712K, reserved 1179648K
  class space    used 11595K, committed 12544K, reserved 1048576K
}
Event: 48.285 GC heap after
{Heap after GC invocations=39 (full 0):
 garbage-first heap   total 193536K, used 96137K [0x0000000080000000, 0x0000000100000000)
  region size 1024K, 6 young (6144K), 6 survivors (6144K)
 Metaspace       used 81786K, committed 83712K, reserved 1179648K
  class space    used 11595K, committed 12544K, reserved 1048576K
}
Event: 48.778 GC heap before
{Heap before GC invocations=39 (full 0):
 garbage-first heap   total 193536K, used 182153K [0x0000000080000000, 0x0000000100000000)
  region size 1024K, 90 young (92160K), 6 survivors (6144K)
 Metaspace       used 81790K, committed 83712K, reserved 1179648K
  class space    used 11595K, committed 12544K, reserved 1048576K
}
Event: 48.786 GC heap after
{Heap after GC invocations=40 (full 0):
 garbage-first heap   total 193536K, used 96830K [0x0000000080000000, 0x0000000100000000)
  region size 1024K, 7 young (7168K), 7 survivors (7168K)
 Metaspace       used 81790K, committed 83712K, reserved 1179648K
  class space    used 11595K, committed 12544K, reserved 1048576K
}
Event: 52.417 GC heap before
{Heap before GC invocations=41 (full 0):
 garbage-first heap   total 193536K, used 191038K [0x0000000080000000, 0x0000000100000000)
  region size 1024K, 91 young (93184K), 7 survivors (7168K)
 Metaspace       used 86478K, committed 88448K, reserved 1179648K
  class space    used 12146K, committed 13120K, reserved 1048576K
}
Event: 52.786 GC heap after
{Heap after GC invocations=42 (full 0):
 garbage-first heap   total 208896K, used 114268K [0x0000000080000000, 0x0000000100000000)
  region size 1024K, 12 young (12288K), 12 survivors (12288K)
 Metaspace       used 86478K, committed 88448K, reserved 1179648K
  class space    used 12146K, committed 13120K, reserved 1048576K
}
Event: 56.331 GC heap before
{Heap before GC invocations=42 (full 0):
 garbage-first heap   total 208896K, used 194140K [0x0000000080000000, 0x0000000100000000)
  region size 1024K, 88 young (90112K), 12 survivors (12288K)
 Metaspace       used 92616K, committed 94656K, reserved 1179648K
  class space    used 13050K, committed 14080K, reserved 1048576K
}
Event: 56.362 GC heap after
{Heap after GC invocations=43 (full 0):
 garbage-first heap   total 214016K, used 119361K [0x0000000080000000, 0x0000000100000000)
  region size 1024K, 5 young (5120K), 5 survivors (5120K)
 Metaspace       used 92616K, committed 94656K, reserved 1179648K
  class space    used 13050K, committed 14080K, reserved 1048576K
}
Event: 56.683 GC heap before
{Heap before GC invocations=43 (full 0):
 garbage-first heap   total 214016K, used 122433K [0x0000000080000000, 0x0000000100000000)
  region size 1024K, 9 young (9216K), 5 survivors (5120K)
 Metaspace       used 93786K, committed 95872K, reserved 1179648K
  class space    used 13180K, committed 14208K, reserved 1048576K
}
Event: 56.691 GC heap after
{Heap after GC invocations=44 (full 0):
 garbage-first heap   total 214016K, used 119600K [0x0000000080000000, 0x0000000100000000)
  region size 1024K, 5 young (5120K), 5 survivors (5120K)
 Metaspace       used 93786K, committed 95872K, reserved 1179648K
  class space    used 13180K, committed 14208K, reserved 1048576K
}
Event: 59.265 GC heap before
{Heap before GC invocations=45 (full 0):
 garbage-first heap   total 214016K, used 199472K [0x0000000080000000, 0x0000000100000000)
  region size 1024K, 79 young (80896K), 5 survivors (5120K)
 Metaspace       used 97935K, committed 100096K, reserved 1179648K
  class space    used 13728K, committed 14784K, reserved 1048576K
}
Event: 59.288 GC heap after
{Heap after GC invocations=46 (full 0):
 garbage-first heap   total 214016K, used 125498K [0x0000000080000000, 0x0000000100000000)
  region size 1024K, 10 young (10240K), 10 survivors (10240K)
 Metaspace       used 97935K, committed 100096K, reserved 1179648K
  class space    used 13728K, committed 14784K, reserved 1048576K
}
Event: 62.124 GC heap before
{Heap before GC invocations=46 (full 0):
 garbage-first heap   total 214016K, used 197178K [0x0000000080000000, 0x0000000100000000)
  region size 1024K, 80 young (81920K), 10 survivors (10240K)
 Metaspace       used 101524K, committed 103680K, reserved 1179648K
  class space    used 14236K, committed 15296K, reserved 1048576K
}
Event: 62.146 GC heap after
{Heap after GC invocations=47 (full 0):
 garbage-first heap   total 215040K, used 128666K [0x0000000080000000, 0x0000000100000000)
  region size 1024K, 6 young (6144K), 6 survivors (6144K)
 Metaspace       used 101524K, committed 103680K, reserved 1179648K
  class space    used 14236K, committed 15296K, reserved 1048576K
}

Dll operation events (3 events):
Event: 0.136 Loaded shared library C:\Program Files\Android\Android Studio\jbr\bin\java.dll
Event: 0.174 Loaded shared library C:\Program Files\Android\Android Studio\jbr\bin\zip.dll
Event: 3.152 Loaded shared library C:\Program Files\Android\Android Studio\jbr\bin\verify.dll

Deoptimization events (20 events):
Event: 58.982 Thread 0x000001662724f390 Uncommon trap: trap_request=0xffffffd6 fr.pc=0x000001661a969814 relative=0x00000000000003d4
Event: 58.982 Thread 0x000001662724f390 Uncommon trap: reason=array_check action=maybe_recompile pc=0x000001661a969814 method=java.util.LinkedHashMap.keysToArray([Ljava/lang/Object;Z)[Ljava/lang/Object; @ 67 c2
Event: 58.982 Thread 0x000001662724f390 DEOPT PACKING pc=0x000001661a969814 sp=0x00000016111f4ee0
Event: 58.982 Thread 0x000001662724f390 DEOPT UNPACKING pc=0x0000016619f043a2 sp=0x00000016111f4e80 mode 2
Event: 59.332 Thread 0x000001662724f390 Uncommon trap: trap_request=0xffffff45 fr.pc=0x000001661a97ec84 relative=0x0000000000000164
Event: 59.332 Thread 0x000001662724f390 Uncommon trap: reason=unstable_if action=reinterpret pc=0x000001661a97ec84 method=org.objectweb.asm.ByteVector.putByteArray([BII)Lorg/objectweb/asm/ByteVector; @ 20 c2
Event: 59.332 Thread 0x000001662724f390 DEOPT PACKING pc=0x000001661a97ec84 sp=0x00000016111f3b20
Event: 59.332 Thread 0x000001662724f390 DEOPT UNPACKING pc=0x0000016619f043a2 sp=0x00000016111f3af0 mode 2
Event: 59.332 Thread 0x000001662724f390 Uncommon trap: trap_request=0xffffff45 fr.pc=0x000001661a8572ec relative=0x0000000000000b6c
Event: 59.332 Thread 0x000001662724f390 Uncommon trap: reason=unstable_if action=reinterpret pc=0x000001661a8572ec method=org.objectweb.asm.Label.resolve([BLorg/objectweb/asm/ByteVector;I)Z @ 81 c2
Event: 59.332 Thread 0x000001662724f390 DEOPT PACKING pc=0x000001661a8572ec sp=0x00000016111f3b40
Event: 59.332 Thread 0x000001662724f390 DEOPT UNPACKING pc=0x0000016619f043a2 sp=0x00000016111f3a68 mode 2
Event: 59.332 Thread 0x000001662724f390 Uncommon trap: trap_request=0xffffff45 fr.pc=0x000001661a7ced88 relative=0x0000000000000268
Event: 59.332 Thread 0x000001662724f390 Uncommon trap: reason=unstable_if action=reinterpret pc=0x000001661a7ced88 method=org.objectweb.asm.Label.resolve([BLorg/objectweb/asm/ByteVector;I)Z @ 81 c2
Event: 59.332 Thread 0x000001662724f390 DEOPT PACKING pc=0x000001661a7ced88 sp=0x00000016111f3ad0
Event: 59.332 Thread 0x000001662724f390 DEOPT UNPACKING pc=0x0000016619f043a2 sp=0x00000016111f3a60 mode 2
Event: 60.771 Thread 0x000001662724f390 DEOPT PACKING pc=0x0000016612b7acd7 sp=0x00000016111f6cc0
Event: 60.771 Thread 0x000001662724f390 DEOPT UNPACKING pc=0x0000016619f04b42 sp=0x00000016111f6148 mode 0
Event: 62.222 Thread 0x000001662724f390 DEOPT PACKING pc=0x0000016612f58406 sp=0x00000016111f6710
Event: 62.222 Thread 0x000001662724f390 DEOPT UNPACKING pc=0x0000016619f04b42 sp=0x00000016111f5c48 mode 0

Classes loaded (20 events):
Event: 56.631 Loading class java/util/Base64$Decoder
Event: 56.633 Loading class java/util/Base64$Decoder done
Event: 56.633 Loading class java/util/Base64$Encoder
Event: 56.634 Loading class java/util/Base64$Encoder done
Event: 56.636 Loading class java/util/jar/JarVerifier$VerifierStream
Event: 56.637 Loading class java/util/jar/JarVerifier$VerifierStream done
Event: 56.637 Loading class sun/security/util/ManifestEntryVerifier$SunProviderHolder
Event: 56.637 Loading class sun/security/util/ManifestEntryVerifier$SunProviderHolder done
Event: 57.517 Loading class sun/misc/Unsafe
Event: 57.520 Loading class sun/misc/Unsafe done
Event: 57.638 Loading class sun/reflect/annotation/AnnotationInvocationHandler$1
Event: 57.640 Loading class sun/reflect/annotation/AnnotationInvocationHandler$1 done
Event: 57.700 Loading class java/lang/foreign/ValueLayout
Event: 57.702 Loading class java/lang/foreign/MemoryLayout
Event: 57.703 Loading class java/lang/foreign/MemoryLayout done
Event: 57.703 Loading class java/lang/foreign/ValueLayout done
Event: 58.503 Loading class java/security/KeyStore
Event: 58.507 Loading class java/security/KeyStore done
Event: 59.175 Loading class javax/xml/stream/XMLStreamException
Event: 59.180 Loading class javax/xml/stream/XMLStreamException done

Classes unloaded (12 events):
Event: 39.209 Thread 0x0000016626f04f50 Unloading class 0x00000001009bc948 '_BuildScript_$_run_closure1$_closure2'
Event: 39.209 Thread 0x0000016626f04f50 Unloading class 0x00000001009bc528 '_BuildScript_$_run_closure1'
Event: 39.209 Thread 0x0000016626f04f50 Unloading class 0x00000001009bc000 '_BuildScript_'
Event: 45.099 Thread 0x0000016626f04f50 Unloading class 0x00000001009e99c8 '_BuildScript_$_run_closure1$_closure3'
Event: 45.099 Thread 0x0000016626f04f50 Unloading class 0x00000001009e95a8 '_BuildScript_$_run_closure1$_closure2'
Event: 45.099 Thread 0x0000016626f04f50 Unloading class 0x00000001009e9188 '_BuildScript_$_run_closure1'
Event: 45.099 Thread 0x0000016626f04f50 Unloading class 0x00000001009e8c60 '_BuildScript_'
Event: 45.099 Thread 0x0000016626f04f50 Unloading class 0x00000001009e8840 'JetGradlePlugin$_apply_closure1$_closure2$_closure3'
Event: 45.099 Thread 0x0000016626f04f50 Unloading class 0x00000001009e8420 'JetGradlePlugin$_apply_closure1$_closure2'
Event: 45.099 Thread 0x0000016626f04f50 Unloading class 0x00000001009e8000 'JetGradlePlugin$_apply_closure1'
Event: 45.099 Thread 0x0000016626f04f50 Unloading class 0x00000001009e1b00 'JetGradlePlugin'
Event: 45.099 Thread 0x0000016626f04f50 Unloading class 0x00000001009e1800 'RegistryProcessor'

Classes redefined (0 events):
No events

Internal exceptions (20 events):
Event: 62.334 Thread 0x000001662724f390 Exception <a 'sun/nio/fs/WindowsException'{0x00000000fef7ada8}> (0x00000000fef7ada8) 
thrown [s\src\hotspot\share\prims\jni.cpp, line 537]
Event: 62.337 Thread 0x000001662724f390 Exception <a 'sun/nio/fs/WindowsException'{0x00000000fef8f268}> (0x00000000fef8f268) 
thrown [s\src\hotspot\share\prims\jni.cpp, line 537]
Event: 62.339 Thread 0x000001662724f390 Exception <a 'sun/nio/fs/WindowsException'{0x00000000fef9f540}> (0x00000000fef9f540) 
thrown [s\src\hotspot\share\prims\jni.cpp, line 537]
Event: 62.341 Thread 0x000001662724f390 Exception <a 'sun/nio/fs/WindowsException'{0x00000000fefacd00}> (0x00000000fefacd00) 
thrown [s\src\hotspot\share\prims\jni.cpp, line 537]
Event: 62.343 Thread 0x000001662724f390 Exception <a 'sun/nio/fs/WindowsException'{0x00000000fefbb410}> (0x00000000fefbb410) 
thrown [s\src\hotspot\share\prims\jni.cpp, line 537]
Event: 62.346 Thread 0x000001662724f390 Exception <a 'sun/nio/fs/WindowsException'{0x00000000fefca4b8}> (0x00000000fefca4b8) 
thrown [s\src\hotspot\share\prims\jni.cpp, line 537]
Event: 62.349 Thread 0x000001662724f390 Exception <a 'sun/nio/fs/WindowsException'{0x00000000fefd8ef0}> (0x00000000fefd8ef0) 
thrown [s\src\hotspot\share\prims\jni.cpp, line 537]
Event: 62.351 Thread 0x000001662724f390 Exception <a 'sun/nio/fs/WindowsException'{0x00000000fefe6e48}> (0x00000000fefe6e48) 
thrown [s\src\hotspot\share\prims\jni.cpp, line 537]
Event: 62.354 Thread 0x000001662724f390 Exception <a 'sun/nio/fs/WindowsException'{0x000000008fd01eb8}> (0x000000008fd01eb8) 
thrown [s\src\hotspot\share\prims\jni.cpp, line 537]
Event: 62.357 Thread 0x000001662724f390 Exception <a 'sun/nio/fs/WindowsException'{0x000000008fd107f0}> (0x000000008fd107f0) 
thrown [s\src\hotspot\share\prims\jni.cpp, line 537]
Event: 62.359 Thread 0x000001662724f390 Exception <a 'sun/nio/fs/WindowsException'{0x000000008fd1e6f8}> (0x000000008fd1e6f8) 
thrown [s\src\hotspot\share\prims\jni.cpp, line 537]
Event: 62.361 Thread 0x000001662724f390 Exception <a 'sun/nio/fs/WindowsException'{0x000000008fd2cff0}> (0x000000008fd2cff0) 
thrown [s\src\hotspot\share\prims\jni.cpp, line 537]
Event: 62.362 Thread 0x000001662724f390 Exception <a 'sun/nio/fs/WindowsException'{0x000000008fd3b108}> (0x000000008fd3b108) 
thrown [s\src\hotspot\share\prims\jni.cpp, line 537]
Event: 62.365 Thread 0x000001662724f390 Exception <a 'sun/nio/fs/WindowsException'{0x000000008fd48f10}> (0x000000008fd48f10) 
thrown [s\src\hotspot\share\prims\jni.cpp, line 537]
Event: 62.367 Thread 0x000001662724f390 Exception <a 'sun/nio/fs/WindowsException'{0x000000008fd56e28}> (0x000000008fd56e28) 
thrown [s\src\hotspot\share\prims\jni.cpp, line 537]
Event: 62.407 Thread 0x000001662724f390 Exception <a 'sun/nio/fs/WindowsException'{0x000000008f96c820}> (0x000000008f96c820) 
thrown [s\src\hotspot\share\prims\jni.cpp, line 537]
Event: 62.409 Thread 0x000001662724f390 Exception <a 'sun/nio/fs/WindowsException'{0x000000008f97fb40}> (0x000000008f97fb40) 
thrown [s\src\hotspot\share\prims\jni.cpp, line 537]
Event: 62.412 Thread 0x000001662724f390 Exception <a 'sun/nio/fs/WindowsException'{0x000000008f993388}> (0x000000008f993388) 
thrown [s\src\hotspot\share\prims\jni.cpp, line 537]
Event: 62.414 Thread 0x000001662724f390 Exception <a 'sun/nio/fs/WindowsException'{0x000000008f9aa308}> (0x000000008f9aa308) 
thrown [s\src\hotspot\share\prims\jni.cpp, line 537]
Event: 62.416 Thread 0x000001662724f390 Exception <a 'sun/nio/fs/WindowsException'{0x000000008f9b8058}> (0x000000008f9b8058) 
thrown [s\src\hotspot\share\prims\jni.cpp, line 537]

ZGC Phase Switch (0 events):
No events

VM Operations (20 events):
Event: 56.691 Executing safepoint VM operation: G1TryInitiateConcMark (G1 Humongous Allocation) done
Event: 56.854 Executing safepoint VM operation: G1PauseRemark
Event: 56.870 Executing safepoint VM operation: G1PauseRemark done
Event: 56.940 Executing safepoint VM operation: G1PauseCleanup
Event: 56.941 Executing safepoint VM operation: G1PauseCleanup done
Event: 57.945 Executing safepoint VM operation: Cleanup
Event: 57.945 Executing safepoint VM operation: Cleanup done
Event: 58.958 Executing safepoint VM operation: Cleanup
Event: 58.958 Executing safepoint VM operation: Cleanup done
Event: 59.264 Executing safepoint VM operation: G1CollectForAllocation (G1 Evacuation Pause)
Event: 59.288 Executing safepoint VM operation: G1CollectForAllocation (G1 Evacuation Pause) done
Event: 60.207 Executing non-safepoint VM operation: HandshakeAllThreads (HandshakeForDeflation)
Event: 60.207 Executing non-safepoint VM operation: HandshakeAllThreads (HandshakeForDeflation) done
Event: 60.207 Executing non-safepoint VM operation: RendezvousGCThreads
Event: 60.207 Executing non-safepoint VM operation: RendezvousGCThreads done
Event: 61.210 Executing safepoint VM operation: Cleanup
Event: 61.211 Executing safepoint VM operation: Cleanup done
Event: 62.124 Executing safepoint VM operation: G1CollectForAllocation (G1 Evacuation Pause)
Event: 62.146 Executing safepoint VM operation: G1CollectForAllocation (G1 Evacuation Pause) done
Event: 63.160 Executing safepoint VM operation: Cleanup

Memory protections (0 events):
No events

Nmethod flushes (20 events):
Event: 56.867 Thread 0x0000016626f04f50 flushing  nmethod 0x00000166134baf10
Event: 56.867 Thread 0x0000016626f04f50 flushing  nmethod 0x00000166134bb390
Event: 56.867 Thread 0x0000016626f04f50 flushing  nmethod 0x00000166136a4210
Event: 56.867 Thread 0x0000016626f04f50 flushing  nmethod 0x000001661377e110
Event: 56.867 Thread 0x0000016626f04f50 flushing  nmethod 0x0000016613899c10
Event: 56.867 Thread 0x0000016626f04f50 flushing  nmethod 0x0000016613899f10
Event: 56.867 Thread 0x0000016626f04f50 flushing  nmethod 0x000001661389cc90
Event: 56.867 Thread 0x0000016626f04f50 flushing  nmethod 0x0000016612a91a90
Event: 56.867 Thread 0x0000016626f04f50 flushing  nmethod 0x0000016612a91e10
Event: 56.867 Thread 0x0000016626f04f50 flushing  nmethod 0x0000016612ad2890
Event: 56.867 Thread 0x0000016626f04f50 flushing  nmethod 0x0000016612b8a190
Event: 56.867 Thread 0x0000016626f04f50 flushing  nmethod 0x0000016612cf9210
Event: 56.867 Thread 0x0000016626f04f50 flushing  nmethod 0x000001661323f910
Event: 56.867 Thread 0x0000016626f04f50 flushing  nmethod 0x00000166134f9690
Event: 56.867 Thread 0x0000016626f04f50 flushing  nmethod 0x0000016613564f10
Event: 56.867 Thread 0x0000016626f04f50 flushing  nmethod 0x000001661358b210
Event: 56.867 Thread 0x0000016626f04f50 flushing  nmethod 0x000001661366a890
Event: 56.867 Thread 0x0000016626f04f50 flushing  nmethod 0x000001661378b410
Event: 56.867 Thread 0x0000016626f04f50 flushing  nmethod 0x00000166138bf090
Event: 56.867 Thread 0x0000016626f04f50 flushing  nmethod 0x0000016613928310

Events (20 events):
Event: 43.138 Thread 0x000001662724f390 Thread added: 0x000001662cd56930
Event: 43.138 Thread 0x000001662724f390 Thread added: 0x000001662cd562a0
Event: 43.139 Thread 0x000001662724f390 Thread added: 0x000001662cd57650
Event: 43.140 Thread 0x000001662724f390 Thread added: 0x000001662cd57ce0
Event: 43.141 Thread 0x000001662724f390 Thread added: 0x000001662cd56fc0
Event: 43.543 Thread 0x000001662724f390 Thread added: 0x000001662cd58370
Event: 43.546 Thread 0x000001662724f390 Thread added: 0x000001662cd54ef0
Event: 43.548 Thread 0x000001662724f390 Thread added: 0x000001662cd58a00
Event: 43.551 Thread 0x000001662724f390 Thread added: 0x000001662cd55580
Event: 43.555 Thread 0x000001662724f390 Thread added: 0x000001662cecb3d0
Event: 43.559 Thread 0x000001662724f390 Thread added: 0x000001662edb0ea0
Event: 43.562 Thread 0x000001662724f390 Thread added: 0x000001662edb1530
Event: 44.721 Thread 0x000001662724f390 Thread added: 0x000001662edb1bc0
Event: 44.723 Thread 0x000001662724f390 Thread added: 0x000001662edb3600
Event: 44.725 Thread 0x000001662724f390 Thread added: 0x000001662edb0180
Event: 44.727 Thread 0x000001662724f390 Thread added: 0x000001662edb2f70
Event: 44.732 Thread 0x000001662724f390 Thread added: 0x000001662edb3c90
Event: 44.735 Thread 0x000001662724f390 Thread added: 0x000001662edb0810
Event: 44.742 Thread 0x000001662724f390 Thread added: 0x000001662edb63f0
Event: 53.501 Thread 0x000001662724f390 Thread added: 0x000001663036d910


Dynamic libraries:
0x00007ff7db360000 - 0x00007ff7db36a000 	C:\Program Files\Android\Android Studio\jbr\bin\java.exe
0x00007ffe6d400000 - 0x00007ffe6d666000 	C:\WINDOWS\SYSTEM32\ntdll.dll
0x00007ffe6b6f0000 - 0x00007ffe6b7b9000 	C:\WINDOWS\System32\KERNEL32.DLL
0x00007ffe6a9f0000 - 0x00007ffe6adea000 	C:\WINDOWS\System32\KERNELBASE.dll
0x00007ffe6b020000 - 0x00007ffe6b16c000 	C:\WINDOWS\System32\ucrtbase.dll
0x00007ffe66f50000 - 0x00007ffe66f68000 	C:\Program Files\Android\Android Studio\jbr\bin\jli.dll
0x00007ffe3dee0000 - 0x00007ffe3defb000 	C:\Program Files\Android\Android Studio\jbr\bin\VCRUNTIME140.dll
0x00007ffe6c580000 - 0x00007ffe6c747000 	C:\WINDOWS\System32\USER32.dll
0x00007ffe533b0000 - 0x00007ffe53642000 	C:\WINDOWS\WinSxS\amd64_microsoft.windows.common-controls_6595b64144ccf1df_6.0.26100.8521_none_3e08b75ce33403b3\COMCTL32.dll
0x00007ffe6adf0000 - 0x00007ffe6ae17000 	C:\WINDOWS\System32\win32u.dll
0x00007ffe6bdd0000 - 0x00007ffe6bdfb000 	C:\WINDOWS\System32\GDI32.dll
0x00007ffe6be00000 - 0x00007ffe6bea9000 	C:\WINDOWS\System32\msvcrt.dll
0x00007ffe6a8c0000 - 0x00007ffe6a9eb000 	C:\WINDOWS\System32\gdi32full.dll
0x00007ffe6af70000 - 0x00007ffe6b013000 	C:\WINDOWS\System32\msvcp_win.dll
0x00007ffe6d360000 - 0x00007ffe6d392000 	C:\WINDOWS\System32\IMM32.DLL
0x000001660d500000 - 0x000001660d516000 	C:\WINDOWS\System32\umppc20907.dll
0x000001660d750000 - 0x000001660d764000 	C:\WINDOWS\System32\CsXumd64_20907.dll
0x00007ffe521f0000 - 0x00007ffe521fc000 	C:\Program Files\Android\Android Studio\jbr\bin\vcruntime140_1.dll
0x00007ffe513d0000 - 0x00007ffe5145d000 	C:\Program Files\Android\Android Studio\jbr\bin\msvcp140.dll
0x00007ffdf3780000 - 0x00007ffdf4416000 	C:\Program Files\Android\Android Studio\jbr\bin\server\jvm.dll
0x00007ffe6b170000 - 0x00007ffe6b226000 	C:\WINDOWS\System32\ADVAPI32.dll
0x00007ffe6b640000 - 0x00007ffe6b6ea000 	C:\WINDOWS\System32\sechost.dll
0x00007ffe6b520000 - 0x00007ffe6b638000 	C:\WINDOWS\System32\RPCRT4.dll
0x00007ffe6c7a0000 - 0x00007ffe6c820000 	C:\WINDOWS\System32\WS2_32.dll
0x00007ffe6a4f0000 - 0x00007ffe6a54e000 	C:\WINDOWS\SYSTEM32\POWRPROF.dll
0x00007ffe3f240000 - 0x00007ffe3f276000 	C:\WINDOWS\SYSTEM32\WINMM.dll
0x00007ffe57b70000 - 0x00007ffe57b7b000 	C:\WINDOWS\SYSTEM32\VERSION.dll
0x00007ffe6a4d0000 - 0x00007ffe6a4e4000 	C:\WINDOWS\SYSTEM32\UMPDC.dll
0x00007ffe692b0000 - 0x00007ffe692cb000 	C:\WINDOWS\SYSTEM32\kernel.appcore.dll
0x00007ffe51cc0000 - 0x00007ffe51cca000 	C:\Program Files\Android\Android Studio\jbr\bin\jimage.dll
0x00007ffe67960000 - 0x00007ffe67ba2000 	C:\WINDOWS\SYSTEM32\DBGHELP.DLL
0x00007ffe6c1f0000 - 0x00007ffe6c573000 	C:\WINDOWS\System32\combase.dll
0x00007ffe6beb0000 - 0x00007ffe6bf89000 	C:\WINDOWS\System32\OLEAUT32.dll
0x00007ffe3f0e0000 - 0x00007ffe3f11b000 	C:\WINDOWS\SYSTEM32\dbgcore.DLL
0x00007ffe6a810000 - 0x00007ffe6a8b8000 	C:\WINDOWS\System32\bcryptPrimitives.dll
0x00007ffe66f40000 - 0x00007ffe66f4e000 	C:\Program Files\Android\Android Studio\jbr\bin\instrument.dll
0x00007ffe371b0000 - 0x00007ffe371d0000 	C:\Program Files\Android\Android Studio\jbr\bin\java.dll
0x00007ffe37180000 - 0x00007ffe37198000 	C:\Program Files\Android\Android Studio\jbr\bin\zip.dll
0x00007ffe6ca70000 - 0x00007ffe6d1f4000 	C:\WINDOWS\System32\SHELL32.dll
0x00007ffe67ed0000 - 0x00007ffe68750000 	C:\WINDOWS\SYSTEM32\windows.storage.dll
0x00007ffe6bc50000 - 0x00007ffe6bd46000 	C:\WINDOWS\System32\SHCORE.dll
0x00007ffe6b430000 - 0x00007ffe6b497000 	C:\WINDOWS\System32\shlwapi.dll
0x00007ffe6a5b0000 - 0x00007ffe6a5d9000 	C:\WINDOWS\SYSTEM32\profapi.dll
0x00007ffe51bb0000 - 0x00007ffe51bc0000 	C:\Program Files\Android\Android Studio\jbr\bin\net.dll
0x00007ffe692d0000 - 0x00007ffe693f9000 	C:\WINDOWS\SYSTEM32\WINHTTP.dll
0x00007ffe69930000 - 0x00007ffe6999c000 	C:\WINDOWS\system32\mswsock.dll
0x00007ffe36030000 - 0x00007ffe36046000 	C:\Program Files\Android\Android Studio\jbr\bin\nio.dll
0x00007ffe36b20000 - 0x00007ffe36b30000 	C:\Program Files\Android\Android Studio\jbr\bin\verify.dll
0x00007ffe66f70000 - 0x00007ffe66f97000 	C:\Users\daniel.litvak\.gradle\native\660c5614fbf4a5f2a75b1949f50a0caf5cd603558e7d8a26e50b933a0cfb79d1\windows-amd64\native-platform.dll
0x00007ffe4f600000 - 0x00007ffe4f677000 	C:\Users\daniel.litvak\.gradle\native\0.2.8\x86_64-windows-gnu\gradle-fileevents.dll
0x00007ffe4b600000 - 0x00007ffe4b609000 	C:\Program Files\Android\Android Studio\jbr\bin\management.dll
0x00007ffe3b6b0000 - 0x00007ffe3b6bb000 	C:\Program Files\Android\Android Studio\jbr\bin\management_ext.dll
0x00007ffe6b230000 - 0x00007ffe6b238000 	C:\WINDOWS\System32\PSAPI.DLL
0x00007ffe68bc0000 - 0x00007ffe68bf3000 	C:\WINDOWS\SYSTEM32\IPHLPAPI.DLL
0x00007ffe6b420000 - 0x00007ffe6b42a000 	C:\WINDOWS\System32\NSI.dll
0x00007ffe503e0000 - 0x00007ffe503e9000 	C:\Program Files\Android\Android Studio\jbr\bin\extnet.dll
0x00007ffe69d30000 - 0x00007ffe69d4b000 	C:\WINDOWS\SYSTEM32\CRYPTSP.dll
0x00007ffe69210000 - 0x00007ffe69249000 	C:\WINDOWS\system32\rsaenh.dll
0x00007ffe699e0000 - 0x00007ffe69a13000 	C:\WINDOWS\SYSTEM32\USERENV.dll
0x00007ffe6a580000 - 0x00007ffe6a5aa000 	C:\WINDOWS\SYSTEM32\bcrypt.dll
0x00007ffe69d10000 - 0x00007ffe69d1c000 	C:\WINDOWS\SYSTEM32\CRYPTBASE.dll
0x00007ffe513a0000 - 0x00007ffe513a8000 	C:\WINDOWS\system32\wshunix.dll

JVMTI agents:
C:\Users\daniel.litvak\.gradle\wrapper\dists\gradle-9.3.1-bin\23ovyewtku6u96viwx3xl3oks\gradle-9.3.1\lib\agents\gradle-instrumentation-agent-9.3.1.jar path:C:\Program Files\Android\Android Studio\jbr\bin\instrument.dll, loaded, initialized, instrumentlib options:none

dbghelp: loaded successfully - version: 4.0.5 - missing functions: none
symbol engine: initialized successfully - sym options: 0x614 - pdb path: .;C:\Program Files\Android\Android Studio\jbr\bin;C:\WINDOWS\SYSTEM32;C:\WINDOWS\WinSxS\amd64_microsoft.windows.common-controls_6595b64144ccf1df_6.0.26100.8521_none_3e08b75ce33403b3;C:\Program Files\Android\Android Studio\jbr\bin\server;C:\Users\daniel.litvak\.gradle\native\660c5614fbf4a5f2a75b1949f50a0caf5cd603558e7d8a26e50b933a0cfb79d1\windows-amd64;C:\Users\daniel.litvak\.gradle\native\0.2.8\x86_64-windows-gnu

VM Arguments:
jvm_args: --add-opens=java.base/java.lang=ALL-UNNAMED --add-opens=java.base/java.lang.invoke=ALL-UNNAMED --add-opens=java.base/java.util=ALL-UNNAMED --add-opens=java.prefs/java.util.prefs=ALL-UNNAMED --add-exports=jdk.compiler/com.sun.tools.javac.api=ALL-UNNAMED --add-exports=jdk.compiler/com.sun.tools.javac.util=ALL-UNNAMED --add-opens=java.base/java.util=ALL-UNNAMED --add-opens=java.prefs/java.util.prefs=ALL-UNNAMED --add-opens=java.base/java.nio.charset=ALL-UNNAMED --add-opens=java.base/java.net=ALL-UNNAMED --add-opens=java.base/java.util.concurrent=ALL-UNNAMED --add-opens=java.base/java.util.concurrent.atomic=ALL-UNNAMED --add-opens=java.xml/javax.xml.namespace=ALL-UNNAMED --add-opens=java.base/java.time=ALL-UNNAMED -Xmx2048m -Dfile.encoding=UTF-8 -Duser.country=US -Duser.language=en -Duser.variant -javaagent:C:\Users\daniel.litvak\.gradle\wrapper\dists\gradle-9.3.1-bin\23ovyewtku6u96viwx3xl3oks\gradle-9.3.1\lib\agents\gradle-instrumentation-agent-9.3.1.jar 
java_command: org.gradle.launcher.daemon.bootstrap.GradleDaemon 9.3.1
java_class_path (initial): C:\Users\daniel.litvak\.gradle\wrapper\dists\gradle-9.3.1-bin\23ovyewtku6u96viwx3xl3oks\gradle-9.3.1\lib\gradle-daemon-main-9.3.1.jar
Launcher Type: SUN_STANDARD

[Global flags]
     intx CICompilerCount                          = 4                                         {product} {ergonomic}
     uint ConcGCThreads                            = 2                                         {product} {ergonomic}
     uint G1ConcRefinementThreads                  = 8                                         {product} {ergonomic}
   size_t G1HeapRegionSize                         = 1048576                                   {product} {ergonomic}
    uintx GCDrainStackTargetSize                   = 64                                        {product} {ergonomic}
   size_t InitialHeapSize                          = 266338304                                 {product} {ergonomic}
   size_t MarkStackSize                            = 4194304                                   {product} {ergonomic}
   size_t MaxHeapSize                              = 2147483648                                {product} {command line}
   size_t MaxNewSize                               = 1287651328                                {product} {ergonomic}
   size_t MinHeapDeltaBytes                        = 1048576                                   {product} {ergonomic}
   size_t MinHeapSize                              = 8388608                                   {product} {ergonomic}
    uintx NonNMethodCodeHeapSize                   = 5839372                                {pd product} {ergonomic}
    uintx NonProfiledCodeHeapSize                  = 122909434                              {pd product} {ergonomic}
    uintx ProfiledCodeHeapSize                     = 122909434                              {pd product} {ergonomic}
    uintx ReservedCodeCacheSize                    = 251658240                              {pd product} {ergonomic}
     bool SegmentedCodeCache                       = true                                      {product} {ergonomic}
   size_t SoftMaxHeapSize                          = 2147483648                             {manageable} {ergonomic}
     bool UseCompressedOops                        = true                           {product lp64_product} {ergonomic}
     bool UseG1GC                                  = true                                      {product} {ergonomic}
     bool UseLargePagesIndividualAllocation        = false                                  {pd product} {ergonomic}

Logging:
Log output configuration:
 #0: stdout all=warning uptime,level,tags foldmultilines=false
 #1: stderr all=off uptime,level,tags foldmultilines=false

Release file:
JAVA_VERSION="21.0.10" 
MODULES="java.base java.compiler java.datatransfer java.xml java.prefs java.desktop java.instrument java.logging java.management java.security.sasl java.naming java.rmi java.management.rmi java.net.http java.scripting java.security.jgss java.transaction.xa java.sql java.sql.rowset java.xml.crypto java.se java.smartcardio jdk.accessibility jdk.internal.jvmstat jdk.attach jdk.charsets jdk.internal.opt jdk.zipfs jdk.compiler jdk.crypto.ec jdk.crypto.cryptoki jdk.dynalink jdk.hotspot.agent jdk.httpserver jdk.internal.ed jdk.internal.le jdk.internal.vm.ci jdk.jartool jdk.javadoc jdk.jcmd jdk.jdeps jdk.jdwp.agent jdk.jdi jdk.jfr jdk.jlink jdk.jsobject jdk.localedata jdk.management jdk.management.agent jdk.management.jfr jdk.naming.dns jdk.naming.rmi jdk.net jdk.sctp jdk.security.auth jdk.security.jgss jdk.unsupported jdk.unsupported.desktop jdk.xml.dom" 
IMPLEMENTOR="JetBrains s.r.o." 
JAVA_RUNTIME_VERSION="21.0.10+-14961533-b1163.108" 
LIBC="default" 
OS_ARCH="x86_64" 
OS_NAME="Windows" 
SOURCE=".:git:1351622c2ff2" 

Environment Variables:
JAVA_HOME=C:\Program Files\Java\jdk-17
PATH=C:\Program Files (x86)\Common Files\Oracle\Java\java8path;C:\Program Files (x86)\Common Files\Oracle\Java\javapath;C:\Program Files\Java\jdk-14.0.1\bin;C:\Windows\system32;C:\Windows;C:\Windows\System32\Wbem;C:\Windows\System32\WindowsPowerShell\v1.0\;C:\Windows\System32\OpenSSH\;C:\apache-maven-3.3.9\bin;C:\ProgramData\chocolatey\bin;C:\Program Files\gauge\bin;C:\gradle-software\gradle-7.6-all\gradle-7.6\bin;C:\WINDOWS\system32;C:\WINDOWS;C:\WINDOWS\System32\Wbem;C:\WINDOWS\System32\WindowsPowerShell\v1.0\;C:\WINDOWS\System32\OpenSSH\;C:\Program Files (x86)\Windows Kits\10\Windows Performance Toolkit\;C:\Program Files\dotnet\;C:\Program Files\Git\cmd;C:\Program Files\Docker\Docker\resources\bin;C:\Program Files\GitHub CLI\;C:\Program Files\Microsoft SQL Server\150\Tools\Binn\;C:\Program Files\Microsoft SQL Server\Client SDK\ODBC\170\Tools\Binn\;C:\Program Files\PuTTY\;C:\Program Files\nodejs\;C:\Program Files\MySQL\MySQL Shell 8.0\bin\;C:\Users\daniel.litvak\AppData\Local\Programs\Python\Python313\Scripts\;C:\Users\daniel.litvak\AppData\Local\Programs\Python\Python313\;C:\Users\daniel.litvak\AppData\Local\Microsoft\WindowsApps;C:\Program Files (x86)\Nmap;C:\Users\daniel.litvak\.dotnet\tools;C:\Users\daniel.litvak\AppData\Local\Microsoft\WinGet\Links;C:\Program Files\node-v18.19.0-win-x64;C:\Users\daniel.litvak\AppData\Local\Programs\cursor\resources\app\bin;C:\Users\daniel.litvak\AppData\Local\Programs\Microsoft VS Code\bin;C:\Users\daniel.litvak\AppData\Local\JetBrains\Toolbox\scripts;;C:\Users\daniel.litvak\.git-ai\bin
USERNAME=Daniel.Litvak
OS=Windows_NT
PROCESSOR_IDENTIFIER=Intel64 Family 6 Model 142 Stepping 12, GenuineIntel
TMP=C:\Users\DANIEL~1.LIT\AppData\Local\Temp
TEMP=C:\Users\DANIEL~1.LIT\AppData\Local\Temp




Periodic native trim disabled

JNI global refs:
JNI global refs: 28, weak refs: 5

JNI global refs memory usage: 835, weak refs: 833

Process memory usage:
Resident Set Size: 287328K (1% of 16522072K total physical memory with 22864K free physical memory)

OOME stack traces (most recent first):
Classloader memory used:
Loader org.gradle.internal.classloader.VisitableURLClassLoader                         : 46628K
Loader bootstrap                                                                       : 25748K
Loader org.gradle.internal.classloader.VisitableURLClassLoader$InstrumentingVisitableURLClassLoader: 15815K
Loader org.gradle.initialization.MixInLegacyTypesClassLoader                           : 12061K
Loader org.gradle.internal.classloader.VisitableURLClassLoader                         : 1159K
Loader jdk.internal.loader.ClassLoaders$PlatformClassLoader                            : 421K
Loader jdk.internal.reflect.DelegatingClassLoader                                      : 356K
Loader jdk.internal.loader.ClassLoaders$AppClassLoader                                 : 229K
Loader org.gradle.groovy.scripts.internal.DefaultScriptCompilationHandler$ScriptClassLoader: 93048B

Classes loaded by more than one classloader:
Class Program                                                                         : loaded 5 times (x 72B)
Class Build_gradle                                                                    : loaded 3 times (x 126B)
Class com.google.common.collect.PeekingIterator                                       : loaded 3 times (x 70B)
Class com.google.common.base.Preconditions                                            : loaded 3 times (x 71B)
Class org.gradle.internal.IoActions                                                   : loaded 3 times (x 71B)
Class org.gradle.api.GradleException                                                  : loaded 3 times (x 82B)
Class org.gradle.api.Action                                                           : loaded 3 times (x 70B)
Class org.gradle.internal.Cast                                                        : loaded 3 times (x 71B)
Class com.google.common.collect.ImmutableList                                         : loaded 3 times (x 206B)
Class com.google.common.collect.Iterators$9                                           : loaded 3 times (x 81B)
Class com.google.common.collect.Lists                                                 : loaded 3 times (x 71B)
Class com.google.common.collect.ImmutableCollection                                   : loaded 3 times (x 125B)
Class com.google.common.collect.Iterators$5                                           : loaded 3 times (x 82B)
Class com.google.common.collect.Iterators$4                                           : loaded 3 times (x 82B)
Class com.google.common.collect.Iterators$1                                           : loaded 3 times (x 81B)
Class com.google.common.collect.Iterators$MergingIterator                             : loaded 3 times (x 81B)
Class com.google.common.collect.UnmodifiableListIterator                              : loaded 3 times (x 95B)
Class com.google.common.collect.AbstractIndexedListIterator                           : loaded 3 times (x 96B)
Class com.google.common.collect.AbstractIterator                                      : loaded 3 times (x 82B)
Class com.google.common.collect.Lists$StringAsImmutableList                           : loaded 3 times (x 207B)
Class com.google.common.collect.Iterators                                             : loaded 3 times (x 71B)
Class com.google.common.collect.Iterators$SingletonIterator                           : loaded 3 times (x 81B)
Class com.google.common.collect.UnmodifiableIterator                                  : loaded 3 times (x 80B)
Class com.google.common.collect.Iterators$ArrayItr                                    : loaded 3 times (x 97B)
Class [Lcom.google.common.collect.ImmutableMapEntry;                                  : loaded 2 times (x 69B)
Class org.gradle.api.internal.classpath.EffectiveClassPath                            : loaded 2 times (x 90B)
Class com.google.common.collect.ListMultimap                                          : loaded 2 times (x 70B)
Class com.google.common.collect.ImmutableEnumMap                                      : loaded 2 times (x 126B)
Class org.gradle.tooling.internal.gradle.DefaultProjectIdentifier                     : loaded 2 times (x 86B)
Class com.google.common.collect.Sets$1                                                : loaded 2 times (x 139B)
Class org.objectweb.asm.AnnotationVisitor                                             : loaded 2 times (x 78B)
Class org.gradle.api.internal.DefaultClassPathProvider                                : loaded 2 times (x 76B)
Class com.google.common.collect.Sets$2                                                : loaded 2 times (x 139B)
Class sync_studio_tooling_5qgvcn6iewdua1gwf1020hw9v$_run_closure1                     : loaded 2 times (x 139B)
Class [Lorg.gradle.api.internal.ClassPathProvider;                                    : loaded 2 times (x 69B)
Class org.gradle.api.internal.ClassPathProvider                                       : loaded 2 times (x 70B)
Class [Lorg.objectweb.asm.AnnotationVisitor;                                          : loaded 2 times (x 69B)
Class com.google.common.collect.Sets$3                                                : loaded 2 times (x 139B)
Class com.google.common.cache.LocalCache$LocalLoadingCache                            : loaded 2 times (x 134B)
Class org.gradle.internal.service.UnknownServiceException                             : loaded 2 times (x 83B)
Class com.google.common.collect.Sets$4                                                : loaded 2 times (x 139B)
Class org.objectweb.asm.ModuleVisitor                                                 : loaded 2 times (x 81B)
Class com.google.common.cache.LocalCache$Strength$1                                   : loaded 2 times (x 81B)
Class com.google.common.util.concurrent.SettableFuture                                : loaded 2 times (x 114B)
Class com.google.common.cache.LocalCache$Strength$2                                   : loaded 2 times (x 81B)
Class com.google.common.cache.LocalCache$Strength$3                                   : loaded 2 times (x 81B)
Class com.google.common.collect.MapDifference                                         : loaded 2 times (x 70B)
Class org.objectweb.asm.FieldWriter                                                   : loaded 2 times (x 78B)
Class com.google.common.cache.CacheBuilder$NullListener                               : loaded 2 times (x 82B)
Class org.gradle.internal.classpath.TransformedClassPath                              : loaded 2 times (x 96B)
Class org.gradle.internal.classloader.InstrumentingClassLoader                        : loaded 2 times (x 70B)
Class com.google.common.cache.CacheLoader$FunctionToCacheLoader                       : loaded 2 times (x 75B)
Class org.gradle.internal.classloader.ClassLoaderVisitor                              : loaded 2 times (x 76B)
Class com.google.common.collect.ImmutableCollection$Builder                           : loaded 2 times (x 76B)
Class kotlin.enums.EnumEntriesList                                                    : loaded 2 times (x 223B)
Class com.google.common.base.Joiner                                                   : loaded 2 times (x 79B)
Class com.google.common.base.MoreObjects                                              : loaded 2 times (x 71B)
Class com.google.common.collect.Platform                                              : loaded 2 times (x 71B)
Class [Lorg.objectweb.asm.Type;                                                       : loaded 2 times (x 69B)
Class kotlin.collections.AbstractList$Companion                                       : loaded 2 times (x 71B)
Class org.gradle.internal.service.ServiceLocator                                      : loaded 2 times (x 70B)
Class com.google.common.base.Ascii                                                    : loaded 2 times (x 71B)
Class com.google.common.collect.SingletonImmutableBiMap                               : loaded 2 times (x 143B)
Class com.google.common.cache.LocalCache$1                                            : loaded 2 times (x 89B)
Class org.gradle.internal.classloader.DefaultClassLoaderFactory                       : loaded 2 times (x 82B)
Class com.google.common.collect.AbstractMapEntry                                      : loaded 2 times (x 81B)
Class com.intellij.gradle.toolingExtension.util.GradleVersionUtil                     : loaded 2 times (x 71B)
Class org.gradle.tooling.model.UnsupportedMethodException                             : loaded 2 times (x 82B)
Class com.google.common.collect.ImmutableList$Builder                                 : loaded 2 times (x 77B)
Class com.google.common.collect.AbstractMultimap                                      : loaded 2 times (x 123B)
Class com.google.common.cache.LocalCache$2                                            : loaded 2 times (x 142B)
Class com.google.common.collect.RegularImmutableAsList                                : loaded 2 times (x 217B)
Class com.google.common.util.concurrent.AbstractFuture$Trusted                        : loaded 2 times (x 70B)
Class com.google.common.base.Suppliers                                                : loaded 2 times (x 71B)
Class [Lcom.google.common.cache.CacheBuilder$OneWeigher;                              : loaded 2 times (x 69B)
Class com.google.common.util.concurrent.UncheckedExecutionException                   : loaded 2 times (x 82B)
Class org.gradle.kotlin.dsl.VersionCatalogAccessorsKt                                 : loaded 2 times (x 71B)
Class org.objectweb.asm.ClassWriter                                                   : loaded 2 times (x 106B)
Class com.google.common.cache.CacheLoader$UnsupportedLoadingOperationException        : loaded 2 times (x 82B)
Class com.google.common.base.CharMatcher$And                                          : loaded 2 times (x 112B)
Class org.gradle.internal.time.DefaultTimer                                           : loaded 2 times (x 80B)
Class org.gradle.internal.classloader.ClasspathUtil$1                                 : loaded 2 times (x 76B)
Class org.objectweb.asm.FieldVisitor                                                  : loaded 2 times (x 77B)
Class com.google.common.collect.IndexedImmutableSet                                   : loaded 2 times (x 152B)
Class com.google.common.collect.ImmutableMap$1                                        : loaded 2 times (x 81B)
Class com.google.common.collect.BiMap                                                 : loaded 2 times (x 70B)
Class org.gradle.api.internal.classpath.DefaultModuleRegistry$DefaultModule           : loaded 2 times (x 86B)
Class com.google.common.primitives.Ints                                               : loaded 2 times (x 71B)
Class org.objectweb.asm.MethodTooLargeException                                       : loaded 2 times (x 83B)
Class com.google.common.collect.ObjectArrays                                          : loaded 2 times (x 71B)
Class com.google.common.math.MathPreconditions                                        : loaded 2 times (x 71B)
Class com.google.common.collect.Multiset                                              : loaded 2 times (x 70B)
Class com.google.common.collect.ArrayListMultimapGwtSerializationDependencies         : loaded 2 times (x 172B)
Class org.gradle.internal.operations.MultipleBuildOperationFailures                   : loaded 2 times (x 95B)
Class org.gradle.internal.time.DefaultCountdownTimer                                  : loaded 2 times (x 88B)
Class com.google.common.collect.ImmutableMapEntrySet                                  : loaded 2 times (x 152B)
Class org.gradle.tooling.internal.gradle.DefaultBuildIdentifier                       : loaded 2 times (x 79B)
Class org.gradle.api.internal.classpath.Module                                        : loaded 2 times (x 70B)
Class com.google.common.cache.Weigher                                                 : loaded 2 times (x 70B)
Class org.gradle.api.internal.classpath.UnknownModuleException                        : loaded 2 times (x 82B)
Class com.google.common.base.Stopwatch                                                : loaded 2 times (x 72B)
Class com.google.common.cache.LocalCache$Strength                                     : loaded 2 times (x 81B)
Class com.google.common.cache.Cache                                                   : loaded 2 times (x 70B)
Class com.google.common.util.concurrent.AbstractFuture$Cancellation                   : loaded 2 times (x 72B)
Class com.google.common.collect.ImmutableMap$Builder                                  : loaded 2 times (x 82B)
Class com.google.common.cache.RemovalListener                                         : loaded 2 times (x 70B)
Class org.gradle.tooling.internal.gradle.GradleProjectIdentity                        : loaded 2 times (x 70B)
Class org.gradle.api.internal.DefaultClassPathRegistry                                : loaded 2 times (x 76B)
Class com.google.common.primitives.IntsMethodsForWeb                                  : loaded 2 times (x 71B)
Class com.google.common.collect.Multimap                                              : loaded 2 times (x 70B)
Class org.gradle.api.internal.ClassPathRegistry                                       : loaded 2 times (x 70B)
Class org.gradle.internal.classpath.DefaultClassPath$ImmutableUniqueList              : loaded 2 times (x 199B)
Class org.objectweb.asm.ClassVisitor                                                  : loaded 2 times (x 88B)
Class com.google.common.cache.CacheBuilder                                            : loaded 2 times (x 72B)
Class com.google.common.collect.SingletonImmutableList                                : loaded 2 times (x 207B)
Class Settings_gradle$1                                                               : loaded 2 times (x 74B)
Class org.gradle.internal.classpath.ClassPath                                         : loaded 2 times (x 70B)
Class com.google.common.collect.ImmutableList$ReverseImmutableList                    : loaded 2 times (x 209B)
Class org.objectweb.asm.SymbolTable$Entry                                             : loaded 2 times (x 74B)
Class org.objectweb.asm.Edge                                                          : loaded 2 times (x 72B)
Class com.google.common.base.Suppliers$SupplierOfInstance                             : loaded 2 times (x 79B)
Class [Lorg.objectweb.asm.Symbol;                                                     : loaded 2 times (x 69B)
Class org.gradle.tooling.model.Model                                                  : loaded 2 times (x 70B)
Class com.google.common.cache.LocalCache$ComputingValueReference                      : loaded 2 times (x 96B)
Class com.google.common.collect.SingletonImmutableSet                                 : loaded 2 times (x 146B)
Class com.google.common.collect.ImmutableMap$IteratorBasedImmutableMap                : loaded 2 times (x 126B)
Class kotlin.UninitializedPropertyAccessException                                     : loaded 2 times (x 82B)
Class com.google.common.cache.LocalCache$Segment                                      : loaded 2 times (x 154B)
Class com.google.common.collect.AbstractListMultimap                                  : loaded 2 times (x 172B)
Class [Lorg.objectweb.asm.SymbolTable$Entry;                                          : loaded 2 times (x 69B)
Class com.google.common.cache.CacheLoader                                             : loaded 2 times (x 74B)
Class ijInit1_a0u082zv6cfi1licimvcddr5k                                               : loaded 2 times (x 171B)
Class com.google.common.collect.ImmutableBiMap                                        : loaded 2 times (x 143B)
Class org.gradle.api.internal.classpath.ModuleRegistry                                : loaded 2 times (x 70B)
Class org.gradle.internal.installation.GradleInstallation$1                           : loaded 2 times (x 75B)
Class com.google.common.collect.ImmutableSet$JdkBackedSetBuilderImpl                  : loaded 2 times (x 76B)
Class com.google.common.util.concurrent.internal.InternalFutureFailureAccess          : loaded 2 times (x 72B)
Class com.google.common.collect.ImmutableMap$MapViewOfValuesAsSingletonSets           : loaded 2 times (x 126B)
Class com.google.common.cache.LocalCache$LocalManualCache$1                           : loaded 2 times (x 75B)
Class com.google.common.base.CharMatcher$ForPredicate                                 : loaded 2 times (x 112B)
Class ijInit1_a0u082zv6cfi1licimvcddr5k$_run_closure1                                 : loaded 2 times (x 140B)
Class com.google.common.base.CharMatcher$AnyOf                                        : loaded 2 times (x 112B)
Class com.google.common.collect.RegularImmutableMap                                   : loaded 2 times (x 121B)
Class org.gradle.api.internal.classpath.DefaultModuleRegistry                         : loaded 2 times (x 86B)
Class org.gradle.api.internal.classpath.ManifestUtil                                  : loaded 2 times (x 71B)
Class com.google.common.util.concurrent.ListenableFuture                              : loaded 2 times (x 70B)
Class com.google.common.cache.ReferenceEntry                                          : loaded 2 times (x 70B)
Class com.google.common.base.Converter                                                : loaded 2 times (x 90B)
Class com.google.common.collect.ImmutableSet$CachingAsList                            : loaded 2 times (x 148B)
Class com.google.common.collect.AbstractMapBasedMultimap                              : loaded 2 times (x 139B)
Class com.google.common.util.concurrent.AbstractFuture                                : loaded 2 times (x 106B)
Class com.google.common.base.FunctionalEquivalence                                    : loaded 2 times (x 83B)
Class com.google.common.collect.ImmutableList$1                                       : loaded 2 times (x 97B)
Class com.google.common.util.concurrent.ExecutionError                                : loaded 2 times (x 82B)
Class org.objectweb.asm.RecordComponentVisitor                                        : loaded 2 times (x 77B)
Class com.google.common.cache.CacheLoader$SupplierToCacheLoader                       : loaded 2 times (x 75B)
Class org.gradle.internal.time.MonotonicClock                                         : loaded 2 times (x 77B)
Class org.gradle.internal.service.ServiceLookupException                              : loaded 2 times (x 82B)
Class [Lcom.google.common.cache.LocalCache$EntryFactory;                              : loaded 2 times (x 69B)
Class org.gradle.internal.classloader.ClassLoaderFactory                              : loaded 2 times (x 70B)
Class com.google.common.cache.LocalCache$LocalManualCache                             : loaded 2 times (x 99B)
Class com.google.common.base.CharMatcher$IsNot                                        : loaded 2 times (x 111B)
Class org.gradle.internal.service.CachingServiceLocator                               : loaded 2 times (x 82B)
Class com.google.common.math.IntMath                                                  : loaded 2 times (x 71B)
Class org.objectweb.asm.commons.InstructionAdapter                                    : loaded 2 times (x 188B)
Class com.google.common.collect.ImmutableMapEntry                                     : loaded 2 times (x 85B)
Class org.gradle.internal.time.TimeSource                                             : loaded 2 times (x 70B)
Class com.google.common.base.Equivalence                                              : loaded 2 times (x 82B)
Class com.google.common.base.Function                                                 : loaded 2 times (x 70B)
Class com.google.common.collect.ImmutableMapEntry$NonTerminalImmutableMapEntry        : loaded 2 times (x 85B)
Class org.gradle.tooling.internal.gradle.GradleBuildIdentity                          : loaded 2 times (x 70B)
Class kotlin.enums.EnumEntries                                                        : loaded 2 times (x 70B)
Class com.google.common.cache.CacheBuilder$OneWeigher                                 : loaded 2 times (x 82B)
Class com.google.common.collect.RegularImmutableList                                  : loaded 2 times (x 213B)
Class org.gradle.internal.exceptions.ResolutionProvider                               : loaded 2 times (x 70B)
Class org.gradle.tooling.model.ProjectIdentifier                                      : loaded 2 times (x 70B)
Class org.gradle.internal.classloader.ClasspathUtil                                   : loaded 2 times (x 71B)
Class com.google.common.util.concurrent.Uninterruptibles                              : loaded 2 times (x 71B)
Class org.jetbrains.kotlin.tooling.core.HasExtras                                     : loaded 2 times (x 70B)
Class sync_studio_tooling_5qgvcn6iewdua1gwf1020hw9v                                   : loaded 2 times (x 171B)
Class com.google.common.util.concurrent.LazyLogger                                    : loaded 2 times (x 72B)
Class com.google.common.collect.Maps                                                  : loaded 2 times (x 71B)
Class org.gradle.internal.time.TimeSource$1                                           : loaded 2 times (x 77B)
Class kotlin.jvm.internal.DefaultConstructorMarker                                    : loaded 2 times (x 71B)
Class org.gradle.api.specs.Spec                                                       : loaded 2 times (x 70B)
Class [Lcom.google.common.collect.ImmutableEntry;                                     : loaded 2 times (x 69B)
Class com.google.common.cache.LocalCache$LoadingValueReference                        : loaded 2 times (x 96B)
Class com.intellij.gradle.toolingExtension.impl.model.utilDummyModel.DummyModel       : loaded 2 times (x 70B)
Class org.gradle.internal.time.Clock                                                  : loaded 2 times (x 70B)
Class [Lorg.objectweb.asm.AnnotationWriter;                                           : loaded 2 times (x 69B)
Class com.google.common.collect.Maps$8                                                : loaded 2 times (x 82B)
Class kotlin.collections.AbstractList                                                 : loaded 2 times (x 197B)
Class kotlin.collections.AbstractCollection                                           : loaded 2 times (x 117B)
Class com.google.common.collect.Sets$SetView                                          : loaded 2 times (x 138B)
Class com.google.common.cache.LocalCache$StrongValueReference                         : loaded 2 times (x 90B)
Class org.jetbrains.kotlin.tooling.core.Extras                                        : loaded 2 times (x 70B)
Class org.objectweb.asm.Type                                                          : loaded 2 times (x 72B)
Class org.gradle.internal.classloader.VisitableURLClassLoader$InstrumentingVisitableURLClassLoader: loaded 2 times (x 123B)
Class com.google.common.math.IntMath$1                                                : loaded 2 times (x 71B)
Class org.objectweb.asm.ByteVector                                                    : loaded 2 times (x 79B)
Class [Lcom.google.common.cache.CacheBuilder$NullListener;                            : loaded 2 times (x 69B)
Class org.gradle.internal.classloader.VisitableURLClassLoader$Spec                    : loaded 2 times (x 74B)
Class org.gradle.internal.classpath.DefaultClassPath                                  : loaded 2 times (x 90B)
Class org.objectweb.asm.Symbol                                                        : loaded 2 times (x 73B)
Class org.gradle.util.internal.DefaultGradleVersion                                   : loaded 2 times (x 82B)
Class com.google.common.base.CharMatcher$BitSetMatcher                                : loaded 2 times (x 112B)
Class com.google.common.collect.RegularImmutableMap$Values                            : loaded 2 times (x 207B)
Class com.google.common.collect.ImmutableSet                                          : loaded 2 times (x 145B)
Class org.gradle.internal.classloader.ClassLoaderSpec                                 : loaded 2 times (x 71B)
Class org.objectweb.asm.AnnotationWriter                                              : loaded 2 times (x 79B)
Class com.google.common.cache.CacheStats                                              : loaded 2 times (x 71B)
Class org.objectweb.asm.RecordComponentWriter                                         : loaded 2 times (x 78B)
Class com.google.common.util.concurrent.AbstractFuture$Listener                       : loaded 2 times (x 72B)
Class com.google.common.base.CharMatcher$Or                                           : loaded 2 times (x 112B)
Class Settings_gradle$1$1                                                             : loaded 2 times (x 74B)
Class org.objectweb.asm.Attribute                                                     : loaded 2 times (x 77B)
Class com.google.common.base.Supplier                                                 : loaded 2 times (x 70B)
Class org.gradle.internal.classloader.VisitableURLClassLoader                         : loaded 2 times (x 117B)
Class Settings_gradle                                                                 : loaded 2 times (x 124B)
Class com.google.common.collect.ImmutableEnumSet                                      : loaded 2 times (x 146B)
Class org.gradle.internal.classloader.ClassLoaderHierarchy                            : loaded 2 times (x 70B)
Class com.google.common.collect.Sets                                                  : loaded 2 times (x 71B)
Class org.objectweb.asm.Handler                                                       : loaded 2 times (x 72B)
Class com.google.common.base.Ticker                                                   : loaded 2 times (x 72B)
Class com.google.common.base.CharMatcher$FastMatcher                                  : loaded 2 times (x 111B)
Class [Lcom.google.common.cache.LocalCache$Segment;                                   : loaded 2 times (x 69B)
Class [Lcom.google.common.cache.LocalCache$Strength;                                  : loaded 2 times (x 69B)
Class com.google.common.cache.CacheBuilder$1                                          : loaded 2 times (x 85B)
Class com.google.common.base.Predicate                                                : loaded 2 times (x 70B)
Class com.google.common.collect.ImmutableMap                                          : loaded 2 times (x 120B)
Class org.gradle.internal.classpath.DefaultClassPath$ImmutableUniqueList$Builder      : loaded 2 times (x 75B)
Class com.google.common.cache.LocalCache                                              : loaded 2 times (x 187B)
Class com.google.common.cache.CacheBuilder$2                                          : loaded 2 times (x 79B)
Class com.google.common.base.CharMatcher$NegatedFastMatcher                           : loaded 2 times (x 113B)
Class com.google.common.collect.ArrayListMultimap                                     : loaded 2 times (x 172B)
Class com.google.common.cache.CacheBuilder$3                                          : loaded 2 times (x 72B)
Class [Lcom.google.common.collect.AbstractMapEntry;                                   : loaded 2 times (x 69B)
Class com.google.common.collect.ImmutableEntry                                        : loaded 2 times (x 82B)
Class com.google.common.base.CharMatcher$IsEither                                     : loaded 2 times (x 111B)
Class org.gradle.internal.exceptions.NonGradleCauseExceptionsHolder                   : loaded 2 times (x 70B)
Class com.google.common.collect.CollectPreconditions                                  : loaded 2 times (x 71B)
Class com.google.common.collect.SortedMapDifference                                   : loaded 2 times (x 70B)
Class com.google.common.cache.LocalCache$EntryFactory                                 : loaded 2 times (x 83B)
Class com.google.common.cache.LocalCache$AbstractReferenceEntry                       : loaded 2 times (x 107B)
Class org.jetbrains.kotlin.tooling.core.HasMutableExtras                              : loaded 2 times (x 70B)
Class org.gradle.internal.classloader.FilteringClassLoader                            : loaded 2 times (x 105B)
Class kotlin.enums.EnumEntriesKt                                                      : loaded 2 times (x 71B)
Class org.objectweb.asm.SymbolTable                                                   : loaded 2 times (x 72B)
Class com.google.common.cache.CacheLoader$InvalidCacheLoadException                   : loaded 2 times (x 82B)
Class com.google.common.collect.ImmutableSet$RegularSetBuilderImpl                    : loaded 2 times (x 77B)
Class org.gradle.internal.classloader.SystemClassLoaderSpec                           : loaded 2 times (x 71B)
Class com.google.common.cache.LocalCache$StrongEntry                                  : loaded 2 times (x 108B)
Class com.google.common.util.concurrent.AbstractFuture$TrustedFuture                  : loaded 2 times (x 114B)
Class com.google.common.cache.LoadingCache                                            : loaded 2 times (x 70B)
Class org.gradle.internal.exceptions.MultiCauseException                              : loaded 2 times (x 70B)
Class org.gradle.internal.time.CountdownTimer                                         : loaded 2 times (x 70B)
Class kotlin.jvm.internal.Intrinsics                                                  : loaded 2 times (x 71B)
Class org.objectweb.asm.MethodWriter                                                  : loaded 2 times (x 106B)
Class [Lcom.google.common.cache.Weigher;                                              : loaded 2 times (x 69B)
Class com.google.common.collect.RegularImmutableMap$BucketOverflowException           : loaded 2 times (x 82B)
Class org.gradle.tooling.model.ProjectModel                                           : loaded 2 times (x 70B)
Class kotlin.KotlinNullPointerException                                               : loaded 2 times (x 83B)
Class com.google.common.collect.RegularImmutableBiMap                                 : loaded 2 times (x 149B)
Class com.google.common.cache.LocalCache$ValueReference                               : loaded 2 times (x 70B)
Class com.google.common.base.CharMatcher$Negated                                      : loaded 2 times (x 113B)
Class com.google.common.base.CharMatcher$Is                                           : loaded 2 times (x 111B)
Class org.gradle.internal.exceptions.DefaultMultiCauseException                       : loaded 2 times (x 95B)
Class com.google.common.util.concurrent.AbstractFuture$Failure                        : loaded 2 times (x 72B)
Class com.google.common.base.Equivalence$Equals                                       : loaded 2 times (x 82B)
Class com.google.common.collect.Hashing                                               : loaded 2 times (x 71B)
Class kotlin.NotImplementedError                                                      : loaded 2 times (x 82B)
Class com.google.common.base.Joiner$1                                                 : loaded 2 times (x 80B)
Class org.objectweb.asm.Label                                                         : loaded 2 times (x 73B)
Class org.objectweb.asm.CurrentFrame                                                  : loaded 2 times (x 73B)
Class org.objectweb.asm.ClassTooLargeException                                        : loaded 2 times (x 83B)
Class com.google.common.base.CharMatcher                                              : loaded 2 times (x 111B)
Class com.google.common.collect.RegularImmutableMap$KeySet                            : loaded 2 times (x 152B)
Class org.gradle.internal.time.Time                                                   : loaded 2 times (x 71B)
Class com.google.common.base.Joiner$2                                                 : loaded 2 times (x 79B)
Class org.objectweb.asm.Frame                                                         : loaded 2 times (x 73B)
Class org.objectweb.asm.MethodVisitor                                                 : loaded 2 times (x 105B)
Class com.google.common.cache.LocalCache$EntryFactory$1                               : loaded 2 times (x 83B)
Class [Lcom.google.common.cache.RemovalListener;                                      : loaded 2 times (x 69B)
Class com.google.common.base.CharMatcher$NamedFastMatcher                             : loaded 2 times (x 112B)
Class com.google.common.base.CharMatcher$1                                            : loaded 2 times (x 113B)
Class com.google.common.cache.LocalCache$EntryFactory$2                               : loaded 2 times (x 83B)
Class org.gradle.api.internal.classpath.GlobalCacheRootsProvider                      : loaded 2 times (x 70B)
Class org.objectweb.asm.ModuleWriter                                                  : loaded 2 times (x 82B)
Class com.google.common.cache.LocalCache$EntryFactory$3                               : loaded 2 times (x 83B)
Class com.google.common.base.Ticker$1                                                 : loaded 2 times (x 72B)
Class com.google.common.collect.Maps$BiMapConverter                                   : loaded 2 times (x 90B)
Class com.google.common.collect.ImmutableMapEntrySet$RegularEntrySet                  : loaded 2 times (x 152B)
Class org.gradle.tooling.model.BuildIdentifier                                        : loaded 2 times (x 70B)
Class kotlin.NoWhenBranchMatchedException                                             : loaded 2 times (x 82B)
Class com.google.common.collect.ImmutableSet$Builder                                  : loaded 2 times (x 85B)
Class com.google.common.cache.LocalCache$EntryFactory$4                               : loaded 2 times (x 83B)
Class com.google.common.base.CharMatcher$InRange                                      : loaded 2 times (x 111B)
Class com.google.common.cache.LocalCache$EntryFactory$5                               : loaded 2 times (x 83B)
Class com.google.common.base.Equivalence$Identity                                     : loaded 2 times (x 82B)
Class com.google.common.cache.LocalCache$EntryFactory$6                               : loaded 2 times (x 83B)
Class org.gradle.internal.time.Timer                                                  : loaded 2 times (x 70B)
Class kotlin.jvm.internal.markers.KMappedMarker                                       : loaded 2 times (x 70B)
Class org.gradle.internal.installation.CurrentGradleInstallationLocator               : loaded 2 times (x 71B)
Class com.google.common.collect.ImmutableSet$EmptySetBuilderImpl                      : loaded 2 times (x 76B)
Class com.google.common.cache.LocalCache$EntryFactory$7                               : loaded 2 times (x 83B)
Class com.google.common.collect.ImmutableAsList                                       : loaded 2 times (x 209B)
Class org.gradle.internal.service.DefaultServiceLocator                               : loaded 2 times (x 83B)
Class com.google.common.cache.LocalCache$EntryFactory$8                               : loaded 2 times (x 83B)
Class com.google.common.collect.ImmutableSet$SetBuilderImpl                           : loaded 2 times (x 76B)
Class org.gradle.util.GradleVersion                                                   : loaded 2 times (x 81B)
Class org.gradle.internal.installation.CurrentGradleInstallation                      : loaded 2 times (x 73B)
Class com.google.common.cache.CacheLoader$1                                           : loaded 2 times (x 75B)
Class com.google.common.collect.ImmutableList$SubList                                 : loaded 2 times (x 209B)
Class org.gradle.util.internal.GUtil                                                  : loaded 2 times (x 71B)
Class com.google.common.cache.AbstractCache$StatsCounter                              : loaded 2 times (x 70B)
Class com.google.common.base.PairwiseEquivalence                                      : loaded 2 times (x 83B)
Class com.google.common.collect.RegularImmutableSet                                   : loaded 2 times (x 149B)
Class org.gradle.internal.installation.GradleInstallation                             : loaded 2 times (x 75B)
Class com.google.common.collect.Iterables                                             : loaded 2 times (x 71B)

---------------  S Y S T E M  ---------------

OS:
 Windows 11 , 64 bit Build 26100 (10.0.26100.8521)
OS uptime: 0 days 0:30 hours
Hyper-V role detected

CPU: total 8 (initial active 8) (4 cores per cpu, 2 threads per core) family 6 model 142 stepping 12 microcode 0x100, cx8, cmov, fxsr, ht, mmx, 3dnowpref, sse, sse2, sse3, ssse3, sse4.1, sse4.2, popcnt, lzcnt, tsc, tscinvbit, avx, avx2, aes, erms, clmul, bmi1, bmi2, adx, fma, vzeroupper, clflush, clflushopt, hv, rdtscp, f16c
Processor Information for the first 8 processors :
  Max Mhz: 2112, Current Mhz: 804, Mhz Limit: 802

Memory: 4k page, system-wide physical 16134M (19M free)
TotalPageFile size 65286M (AvailPageFile size 3M)
current process WorkingSet (physical memory assigned to process): 284M, peak: 319M
current process commit charge ("private bytes"): 509M, peak: 512M

vm_info: OpenJDK 64-Bit Server VM (21.0.10+-14961533-b1163.108) for windows-amd64 JRE (21.0.10+-14961533-b1163.108), built on 2026-03-02T19:58:50Z by "builder" with MS VC++ 16.10 / 16.11 (VS2019)

END.
